N,TRAV_name,TRBC,TRAV,set
0,TRAV1-1,GAAC,ATCT,A
1,TRAV1-2,ATGT,CTAT,A
2,TRAV2,TGTA,AGCA,A
3,TRAV3,CCAG,TCCG,A
4,TRAV4,GTAT,AGTG,A
5,TRAV5,TCTC,TTAC,A
6,TRAV6,TCCT,CCAC,A
7,TRAV7,GGAA,CTTA,A
8,TRAV8-1,ACCG,TTTG,A
9,TRAV8-2,CGTG,TTGT,A
10,TRAV8-3,CCTT,CCGA,A
11,TRAV8-4,CTAA,TGAA,A
12,TRAV8-6,TTTA,GACA,A
13,TRAV9-1,CGCC,GGTA,A
14,TRAV9-2,TATT,TCTA,A
15,TRAV10,CAGA,TCAT,A
16,TRAV12-1,TTGA,ACTT,A
17,TRAV12-2,CCCA,GCGA,A
18,TRAV12-3,CTTC,AACG,A
19,TRAV13-1,GACT,CAGC,A
20,TRAV13-2,AAAT,TTTT,A
21,TRAV14/DV4,AGAG,GATT,A
22,TRAV16,GCCC,ATTA,A
23,TRAV17,GATT,GTCA,B
24,TRAV18,CGCC,GTGC,B
25,TRAV19,TTGA,ACTC,B
26,TRAV20,CAGA,TGCG,B
27,TRAV21,GCCA,CTAC,B
28,TRAV22,TGTA,TGGA,B
29,TRAV23/DV6,CCAG,AGTG,B
30,TRAV24,CGTG,ATGT,B
31,TRAV25,ATCT,TTAT,B
32,TRAV26-1,TTTT,CAGC,B
33,TRAV26-2,ACTT,TGTT,B
34,TRAV27,ACCG,CTTT,B
35,TRAV29/DV5,GGAA,GGTC,B
36,TRAV30,CCTC,ACCT,B
37,TRAV34,CTCA,TTTG,B
38,TRAV35,TTTA,TTGG,B
39,TRAV36/DV7,GAAC,TCTT,B
40,TRAV38-1,CGAA,ACGG,B
41,TRAV38-2/DV8,AATG,GCGA,B
42,TRAV39,TCCC,ATCC,B
43,TRAV40,GTAT,GATA,B
44,TRAV41,CCGA,TTCT,B