trav,trbc_left_frag,trbc_right_frag,trav_left_frag,trav_right_frag
TRAV1-1,gaggacctgaaGAAC,GAACgtgttcccacccgaggtcgctgtgtttgagccatcagaagcagagatctcccacacccaaaaggccacactggtgtgcctggccacaggcttctaccccgaccacgtggagctgagctggtgggtgaatgggaaggaggtgcacagtggggtcagcacagacccgcagcccctcaaggagcagcccgccctcaatgactccagatactgcctgagcagccgcctgagagtctcggccaccttctggcagaacccccgcaaccacttccgctgtcaagtccagttctacgggctctcggagaatgacgagtggacccaggatagggccaaacctgtcacccagatcgtcagcgccgaggcctggggtagagcagactgtggcttcacctccgagtcttaccagcaaggggtcctgtctgccaccatcctctatgagatcttgctagggaaggccaccttgtatgccgtgctggtcagtgccctcgtgctgatggccatggtcaagagaaaggattccagaggc,atgtggggagctttccttctctatgtttccatgaagatgggaggcactgcaggacaaagccttgagcagccctctgaagtgacagctgtggaaggagccattgtccagataaactgcacgtaccagacatctgggttttatgggctgtcctggtaccagcaacatgatggcggagcacccacatttctttcttacaatgctctggatggtttggaggagacaggtcgtttttcttcattccttagtcgctctgatagttatggttacctccttctacaggagctccagatgaaagactctgcATCT,ATCTtacttctgc
TRAV1-2,gaggacctgaaaaATGT,ATGTattcccacccgaggtcgctgtgtttgagccatcagaagcagagatctcccacacccaaaaggccacactggtgtgcctggccacaggcttctaccccgaccacgtggagctgagctggtgggtgaatgggaaggaggtgcacagtggggtcagcacagacccgcagcccctcaaggagcagcccgccctcaatgactccagatactgcctgagcagccgcctgagagtctcggccaccttctggcagaacccccgcaaccacttccgctgtcaagtccagttctacgggctctcggagaatgacgagtggacccaggatagggccaaacctgtcacccagatcgtcagcgccgaggcctggggtagagcagactgtggcttcacctccgagtcttaccagcaaggggtcctgtctgccaccatcctctatgagatcttgctagggaaggccaccttgtatgccgtgctggtcagtgccctcgtgctgatggccatggtcaagagaaaggattccagaggc,atgtggggagttttccttctttatgtttccatgaagatgggaggcactacaggacaaaacattgaccagcccactgagatgacagctacggaaggtgccattgtccagatcaactgcacgtaccagacatctgggttcaacgggctgttctggtaccagcaacatgctggcgaagcacccacatttctgtcttacaatgttctggatggtttggaggagaaaggtcgtttttcttcattccttagtcggtctaaagggtacagttacctccttttgaaggagctccagatgaaagactctgcctcttacCTAT,CTATgt
TRAV2,gaggacctgaaaaaTGTA,TGTAttcccacccgaggtcgctgtgtttgagccatcagaagcagagatctcccacacccaaaaggccacactggtgtgcctggccacaggcttctaccccgaccacgtggagctgagctggtgggtgaatgggaaggaggtgcacagtggggtcagcacagacccgcagcccctcaaggagcagcccgccctcaatgactccagatactgcctgagcagccgcctgagagtctcggccaccttctggcagaacccccgcaaccacttccgctgtcaagtccagttctacgggctctcggagaatgacgagtggacccaggatagggccaaacctgtcacccagatcgtcagcgccgaggcctggggtagagcagactgtggcttcacctccgagtcttaccagcaaggggtcctgtctgccaccatcctctatgagatcttgctagggaaggccaccttgtatgccgtgctggtcagtgccctcgtgctgatggccatggtcaagagaaaggattccagaggc,atggctttgcagagcactctgggggcggtgtggctagggcttctcctcaactctctctggaaggttgcagaaagcaaggaccaagtgtttcagccttccacagtggcatcttcagagggagctgtggtggaaatcttctgtaatcactctgtgtccaatgcttacaacttcttctggtaccttcacttcccgggatgtgcaccaagactccttgttaaaggctcaaagccttctcagcagggacgatacaacatgacctatgaacggttctcttcatcgctgctcatcctccaggtgcgggaggcagatgcAGCA,AGCAgtttactactgt
TRAV3,gaggacctgaaaaacgtgttcccaCCAG,CCAGaagtcgctgtgtttgagccatcagaagcagagatctcccacacccaaaaggccacactggtgtgcctggccacaggcttctaccccgaccacgtggagctgagctggtgggtgaatgggaaggaggtgcacagtggggtcagcacagacccgcagcccctcaaggagcagcccgccctcaatgactccagatactgcctgagcagccgcctgagagtctcggccaccttctggcagaacccccgcaaccacttccgctgtcaagtccagttctacgggctctcggagaatgacgagtggacccaggatagggccaaacctgtcacccagatcgtcagcgccgaggcctggggtagagcagactgtggcttcacctccgagtcttaccagcaaggggtcctgtctgccaccatcctctatgagatcttgctagggaaggccaccttgtatgccgtgctggtcagtgccctcgtgctgatggccatggtcaagagaaaggattccagaggc,atggcctctgcacccatctcgatgcttgcgatgttgttcacgttgagtgggctgagagctcagtcagtggctcagccggaagatcaggtcaacgttgctgaagggaatcctctgactgtgaaatgcacctattcagtctctggaaacccttatcttttttggtatgttcaataccccaaccgaggcctccagttccttctgaaatacatcacaggggataacctggttaaaggcagctatggctttgaagctgaatttaacaagagccaaacctccttccacctgaagaaaccatctgcccttgtgagcgacTCCG,TCCGctttgtacttctgt
TRAV4,gaggacctgaaaaacGTAT,GTATtcccacccgaggtcgctgtgtttgagccatcagaagcagagatctcccacacccaaaaggccacactggtgtgcctggccacaggcttctaccccgaccacgtggagctgagctggtgggtgaatgggaaggaggtgcacagtggggtcagcacagacccgcagcccctcaaggagcagcccgccctcaatgactccagatactgcctgagcagccgcctgagagtctcggccaccttctggcagaacccccgcaaccacttccgctgtcaagtccagttctacgggctctcggagaatgacgagtggacccaggatagggccaaacctgtcacccagatcgtcagcgccgaggcctggggtagagcagactgtggcttcacctccgagtcttaccagcaaggggtcctgtctgccaccatcctctatgagatcttgctagggaaggccaccttgtatgccgtgctggtcagtgccctcgtgctgatggccatggtcaagagaaaggattccagaggc,atgaggcaagtggcgagagtgatcgtgttcctgaccctgagtactttgagccttgctaagaccacccagcccatctccatggactcatatgaaggacaagaagtgaacataacctgtagccacaacaacattgctacaaatgattatatcacgtggtaccaacagtttcccagccaaggaccacgatttattattcaaggatacaagacaaaagttacaaacgaagtggcctccctgtttatccctgccgacagaaagtccagcactctgagcctgccccgggtttccctgagcgacactgcAGTG,AGTGtactactgc
TRAV5,gaggaTCTC,TCTCaaaaacgtgttcccacccgaggtcgctgtgtttgagccatcagaagcagagatctcccacacccaaaaggccacactggtgtgcctggccacaggcttctaccccgaccacgtggagctgagctggtgggtgaatgggaaggaggtgcacagtggggtcagcacagacccgcagcccctcaaggagcagcccgccctcaatgactccagatactgcctgagcagccgcctgagagtctcggccaccttctggcagaacccccgcaaccacttccgctgtcaagtccagttctacgggctctcggagaatgacgagtggacccaggatagggccaaacctgtcacccagatcgtcagcgccgaggcctggggtagagcagactgtggcttcacctccgagtcttaccagcaaggggtcctgtctgccaccatcctctatgagatcttgctagggaaggccaccttgtatgccgtgctggtcagtgccctcgtgctgatggccatggtcaagagaaaggattccagaggc,atgaaaacgtttgctggattttcgttcctgtttttgtggctgcagctggactgtatgagtagaggagaggatgtggagcagagtcttttcctgagtgtccgagagggagacagctccgttataaactgcacttacacagacagctcctccacctacttatactggtataagcaagaacctggagcagggttgcagttgctgacgtatattttttcaaatatggacatgaaacaagaccaaagactcactgttctattgaataaaaaggataaacatctgtctctgcgcattgcagacacccagactggggactcagctatTTAC,TTACttctgt
TRAV6,gaggacctgaaaaacgtgttTCCT,TCCTcccgaggtcgctgtgtttgagccatcagaagcagagatctcccacacccaaaaggccacactggtgtgcctggccacaggcttctaccccgaccacgtggagctgagctggtgggtgaatgggaaggaggtgcacagtggggtcagcacagacccgcagcccctcaaggagcagcccgccctcaatgactccagatactgcctgagcagccgcctgagagtctcggccaccttctggcagaacccccgcaaccacttccgctgtcaagtccagttctacgggctctcggagaatgacgagtggacccaggatagggccaaacctgtcacccagatcgtcagcgccgaggcctggggtagagcagactgtggcttcacctccgagtcttaccagcaaggggtcctgtctgccaccatcctctatgagatcttgctagggaaggccaccttgtatgccgtgctggtcagtgccctcgtgctgatggccatggtcaagagaaaggattccagaggc,atggagtcattcctgggaggtgttttgctgattttgtggcttcaagtggactgggtgaagagtcagaagatagaacagaacagcgaggccctgaacattcaggagggtaaaacggccaccctgacctgcaactatacaaactattccccagcatacttacagtggtaccgacaagatccaggaagaggccctgttttcttgctactcatacgtgaaaatgagaaagaaaaaaggaaagaaagactgaaggtcacctttgataccacccttaaacagagtttgtttcatatcacagcctcccagcctgcagactcagCCAC,CCACttacctctgt
TRAV7,gaggacctgaaaaacgtgttcccaccGGAA,GGAAgtcgctgtgtttgagccatcagaagcagagatctcccacacccaaaaggccacactggtgtgcctggccacaggcttctaccccgaccacgtggagctgagctggtgggtgaatgggaaggaggtgcacagtggggtcagcacagacccgcagcccctcaaggagcagcccgccctcaatgactccagatactgcctgagcagccgcctgagagtctcggccaccttctggcagaacccccgcaaccacttccgctgtcaagtccagttctacgggctctcggagaatgacgagtggacccaggatagggccaaacctgtcacccagatcgtcagcgccgaggcctggggtagagcagactgtggcttcacctccgagtcttaccagcaaggggtcctgtctgccaccatcctctatgagatcttgctagggaaggccaccttgtatgccgtgctggtcagtgccctcgtgctgatggccatggtcaagagaaaggattccagaggc,atggagaagatgaggaggccggtcctaattatattttgtctatgtcttggctgggcaaatggagaaaaccaggtggagcacagccctcattttctgggaccccagcagggggacgtggcctccatgagctgcacgtactctgtcagtcgttttaacaatttgcagtggtacaggcaaaatacagggatgggtcccaaacacctattatccatgtattcagctggatatgagaagcagaaagggaggttgaatgctacattactgaagaatggaagcagcttgtacattacagccgtgcagcctgaagattcagccaCTTA,CTTAtttctgt
TRAV8-1,gaggacctgaaaaacgtgttcccACCG,ACCGgaggtcgctgtgtttgagccatcagaagcagagatctcccacacccaaaaggccacactggtgtgcctggccacaggcttctaccccgaccacgtggagctgagctggtgggtgaatgggaaggaggtgcacagtggggtcagcacagacccgcagcccctcaaggagcagcccgccctcaatgactccagatactgcctgagcagccgcctgagagtctcggccaccttctggcagaacccccgcaaccacttccgctgtcaagtccagttctacgggctctcggagaatgacgagtggacccaggatagggccaaacctgtcacccagatcgtcagcgccgaggcctggggtagagcagactgtggcttcacctccgagtcttaccagcaaggggtcctgtctgccaccatcctctatgagatcttgctagggaaggccaccttgtatgccgtgctggtcagtgccctcgtgctgatggccatggtcaagagaaaggattccagaggc,atgctcctgttgctcataccagtgctggggatgatttttgccctgagagatgccagagcccagtctgtgagccagcataaccaccacgtaattctctctgaagcagcctcactggagttgggatgcaactattcctatggtggaactgttaatctcttctggtatgtccagtaccctggtcaacaccttcagcttctcctcaagtacttttcaggggatccactggttaaaggcatcaagggctttgaggctgaatttataaagagtaaattctcctttaatctgaggaaaccctctgtgcagtggagtgacacagctgagtactTTTG,TTTGt
TRAV8-2,gaggacctgaaaaaCGTG,CGTGttcccacccgaggtcgctgtgtttgagccatcagaagcagagatctcccacacccaaaaggccacactggtgtgcctggccacaggcttctaccccgaccacgtggagctgagctggtgggtgaatgggaaggaggtgcacagtggggtcagcacagacccgcagcccctcaaggagcagcccgccctcaatgactccagatactgcctgagcagccgcctgagagtctcggccaccttctggcagaacccccgcaaccacttccgctgtcaagtccagttctacgggctctcggagaatgacgagtggacccaggatagggccaaacctgtcacccagatcgtcagcgccgaggcctggggtagagcagactgtggcttcacctccgagtcttaccagcaaggggtcctgtctgccaccatcctctatgagatcttgctagggaaggccaccttgtatgccgtgctggtcagtgccctcgtgctgatggccatggtcaagagaaaggattccagaggc,atgctcctgctgctcgtcccagtgttggaggtgatttttactctgggaggaaccagagcccagtcggtgacccagcttgacagccacgtgagcgtgagcgaaggaaccccggtgctgctgaggtgcaactactcatcttcttattcaccatctctcttctggtatgtgcaacaccccaacaaaggactccagcttctcctgaagtacacatcagcggccaccctggttaaaggcatcaacggttttgaggctgaatttaagaagagtgaaacctccttccacctgacgaaaccctcagcccatatgagcgacgcggctgagtacttTTGT,TTGT
TRAV8-3,gaggaCCTT,CCTTaaaaacgtgttcccacccgaggtcgctgtgtttgagccatcagaagcagagatctcccacacccaaaaggccacactggtgtgcctggccacaggcttctaccccgaccacgtggagctgagctggtgggtgaatgggaaggaggtgcacagtggggtcagcacagacccgcagcccctcaaggagcagcccgccctcaatgactccagatactgcctgagcagccgcctgagagtctcggccaccttctggcagaacccccgcaaccacttccgctgtcaagtccagttctacgggctctcggagaatgacgagtggacccaggatagggccaaacctgtcacccagatcgtcagcgccgaggcctggggtagagcagactgtggcttcacctccgagtcttaccagcaaggggtcctgtctgccaccatcctctatgagatcttgctagggaaggccaccttgtatgccgtgctggtcagtgccctcgtgctgatggccatggtcaagagaaaggattccagaggc,atgctcctggagcttatcccactgctggggatacattttgtcctgagaactgccagagcccagtcagtgacccagcctgacatccacatcactgtctctgaaggagcctcactggagttgagatgtaactattcctatggggcaacaccttatctcttctggtatgtccagtcccccggccaaggcctccagctgctcctgaagtacttttcaggagacactctggttcaaggcattaaaggctttgaggctgaatttaagaggagtcaatcttccttcaatctgaggaaaccctctgtgcattggagtgatgctgCCGA,CCGAgtacttctgt
TRAV8-4,gaggacCTAA,CTAAaaaacgtgttcccacccgaggtcgctgtgtttgagccatcagaagcagagatctcccacacccaaaaggccacactggtgtgcctggccacaggcttctaccccgaccacgtggagctgagctggtgggtgaatgggaaggaggtgcacagtggggtcagcacagacccgcagcccctcaaggagcagcccgccctcaatgactccagatactgcctgagcagccgcctgagagtctcggccaccttctggcagaacccccgcaaccacttccgctgtcaagtccagttctacgggctctcggagaatgacgagtggacccaggatagggccaaacctgtcacccagatcgtcagcgccgaggcctggggtagagcagactgtggcttcacctccgagtcttaccagcaaggggtcctgtctgccaccatcctctatgagatcttgctagggaaggccaccttgtatgccgtgctggtcagtgccctcgtgctgatggccatggtcaagagaaaggattccagaggc,atgctcctgctgctcgtcccagtgttggaggtgatttttaccctgggaggaaccagagcccagtcggtgacccagcttggcagccacgtgagcgtgagcgaaggagccctggttctgctgaggtgcaactactcatcgtctgttccaccatatctcttctggtatgtgcaataccccaaccaaggactccagcttctcctgaagtacacatcagcggccaccctggttaaaggcatcaacggttttgaggctgaatttaagaagagtgaaacctccttccacctgacgaaaccctcagcccatatgagcgacgcggcTGAA,TGAAtacttctgt
TRAV8-6,gaggaTTTA,TTTAaaaaacgtgttcccacccgaggtcgctgtgtttgagccatcagaagcagagatctcccacacccaaaaggccacactggtgtgcctggccacaggcttctaccccgaccacgtggagctgagctggtgggtgaatgggaaggaggtgcacagtggggtcagcacagacccgcagcccctcaaggagcagcccgccctcaatgactccagatactgcctgagcagccgcctgagagtctcggccaccttctggcagaacccccgcaaccacttccgctgtcaagtccagttctacgggctctcggagaatgacgagtggacccaggatagggccaaacctgtcacccagatcgtcagcgccgaggcctggggtagagcagactgtggcttcacctccgagtcttaccagcaaggggtcctgtctgccaccatcctctatgagatcttgctagggaaggccaccttgtatgccgtgctggtcagtgccctcgtgctgatggccatggtcaagagaaaggattccagaggc,atgctcctgctgctcgtcccagcgttccaggtgatttttaccctgggaggaaccagagcccagtctgtgacccagcttgacagccaagtccctgtctttgaagaagcccctgtggagctgaggtgcaactactcatcgtctgtttcagtgtatctcttctggtatgtgcaataccccaaccaaggactccagcttctcctgaagtatttatcaggatccaccctggttgaaagcatcaacggttttgaggctgaatttaacaagagtcaaacttccttccacttgaggaaaccctcagtccatataagcGACA,GACActgctgagtacttctgt
TRAV9-1,gaggacctgaaaaacgtgttccCGCC,CGCCagaggtcgctgtgtttgagccatcagaagcagagatctcccacacccaaaaggccacactggtgtgcctggccacaggcttctaccccgaccacgtggagctgagctggtgggtgaatgggaaggaggtgcacagtggggtcagcacagacccgcagcccctcaaggagcagcccgccctcaatgactccagatactgcctgagcagccgcctgagagtctcggccaccttctggcagaacccccgcaaccacttccgctgtcaagtccagttctacgggctctcggagaatgacgagtggacccaggatagggccaaacctgtcacccagatcgtcagcgccgaggcctggggtagagcagactgtggcttcacctccgagtcttaccagcaaggggtcctgtctgccaccatcctctatgagatcttgctagggaaggccaccttgtatgccgtgctggtcagtgccctcgtgctgatggccatggtcaagagaaaggattccagaggc,atgaacagctctccaggaccagcgattgcactattcttaatgtttgggggaatcaatggagattcagtggtccagacagaaggccaagtgctcccctctgaaggggattccctgattgtgaactgctcctatgaaaccacacagtacccttcccttttttggtatgtccaatatcctggagaaggtccacagctccacctgaaagccatgaaggccaatgacaagggaaggaacaaaggttttgaagccatgtaccgtaaagaaaccacttctttccacttggagaaagactcagttcaagagtcagactccgcGGTA,GGTAtacttctgt
TRAV9-2,gaggacctgaaaaacgTATT,TATTcccacccgaggtcgctgtgtttgagccatcagaagcagagatctcccacacccaaaaggccacactggtgtgcctggccacaggcttctaccccgaccacgtggagctgagctggtgggtgaatgggaaggaggtgcacagtggggtcagcacagacccgcagcccctcaaggagcagcccgccctcaatgactccagatactgcctgagcagccgcctgagagtctcggccaccttctggcagaacccccgcaaccacttccgctgtcaagtccagttctacgggctctcggagaatgacgagtggacccaggatagggccaaacctgtcacccagatcgtcagcgccgaggcctggggtagagcagactgtggcttcacctccgagtcttaccagcaaggggtcctgtctgccaccatcctctatgagatcttgctagggaaggccaccttgtatgccgtgctggtcagtgccctcgtgctgatggccatggtcaagagaaaggattccagaggc,atgaactattctccaggcttagtatctctgatactcttactgcttggaagaacccgtggaaattcagtgacccagatggaagggccagtgactctctcagaagaggccttcctgactataaactgcacgtacacagccacaggatacccttcccttttctggtatgtccaatatcctggagaaggtctacagctcctcctgaaagccacgaaggctgatgacaagggaagcaacaaaggttttgaagccacataccgtaaagaaaccacttctttccacttggagaaaggctcagttcaagtgtcagactcagcggTCTA,TCTAtttctgt
TRAV10,gaggacctgaaaaacgtgttcccacCAGA,CAGAagtcgctgtgtttgagccatcagaagcagagatctcccacacccaaaaggccacactggtgtgcctggccacaggcttctaccccgaccacgtggagctgagctggtgggtgaatgggaaggaggtgcacagtggggtcagcacagacccgcagcccctcaaggagcagcccgccctcaatgactccagatactgcctgagcagccgcctgagagtctcggccaccttctggcagaacccccgcaaccacttccgctgtcaagtccagttctacgggctctcggagaatgacgagtggacccaggatagggccaaacctgtcacccagatcgtcagcgccgaggcctggggtagagcagactgtggcttcacctccgagtcttaccagcaaggggtcctgtctgccaccatcctctatgagatcttgctagggaaggccaccttgtatgccgtgctggtcagtgccctcgtgctgatggccatggtcaagagaaaggattccagaggc,atgaaaaagcatctgacgaccttcttggtgattttgtggctttatttttatagggggaatggcaaaaaccaagtggagcagagtcctcagtccctgatcatcctggagggaaagaactgcactcttcaatgcaattatacagtgagccccttcagcaacttaaggtggtataagcaagatactgggagaggtcctgtttccctgacaatcatgactttcagtgagaacacaaagtcgaacggaagatatacagcaactctggatgcagacacaaagcaaagctctctgcacatcacagcctcccagctcagcgattcagccTCAT,TCATatatctgt
TRAV12-1,gaggacTTGA,TTGAaaaacgtgttcccacccgaggtcgctgtgtttgagccatcagaagcagagatctcccacacccaaaaggccacactggtgtgcctggccacaggcttctaccccgaccacgtggagctgagctggtgggtgaatgggaaggaggtgcacagtggggtcagcacagacccgcagcccctcaaggagcagcccgccctcaatgactccagatactgcctgagcagccgcctgagagtctcggccaccttctggcagaacccccgcaaccacttccgctgtcaagtccagttctacgggctctcggagaatgacgagtggacccaggatagggccaaacctgtcacccagatcgtcagcgccgaggcctggggtagagcagactgtggcttcacctccgagtcttaccagcaaggggtcctgtctgccaccatcctctatgagatcttgctagggaaggccaccttgtatgccgtgctggtcagtgccctcgtgctgatggccatggtcaagagaaaggattccagaggc,atgataagcttgagagttttactggtgatcctgtggcttcagttaagctgggtttggagccaacggaaggaggtggagcaggatcctggacccttcaatgttccagagggagccactgtcgctttcaactgtacttacagcaacagtgcttctcagtctttcttctggtacagacaggattgcaggaaagaacctaagttgctgatgtccgtatactccagtggtaatgaagatggaaggtttacagcacagctcaatagagccagccagtatatttccctgctcatcagagactccaagctcagtgattcagccacctACTT,ACTTgtgt
TRAV12-2,gaggacctgaaaaacgtgttCCCA,CCCAcccgaggtcgctgtgtttgagccatcagaagcagagatctcccacacccaaaaggccacactggtgtgcctggccacaggcttctaccccgaccacgtggagctgagctggtgggtgaatgggaaggaggtgcacagtggggtcagcacagacccgcagcccctcaaggagcagcccgccctcaatgactccagatactgcctgagcagccgcctgagagtctcggccaccttctggcagaacccccgcaaccacttccgctgtcaagtccagttctacgggctctcggagaatgacgagtggacccaggatagggccaaacctgtcacccagatcgtcagcgccgaggcctggggtagagcagactgtggcttcacctccgagtcttaccagcaaggggtcctgtctgccaccatcctctatgagatcttgctagggaaggccaccttgtatgccgtgctggtcagtgccctcgtgctgatggccatggtcaagagaaaggattccagaggc,atgaaatccttgagagttttactagtgatcctgtggcttcagttgagctgggtttggagccaacagaaggaggtggagcagaacagcggacccctcagtgttccagagggagccattgcctctctcaactgcacttacagtgaccgaggttcccagtccttcttctggtacagacaatattctgggaaaagccctgagttgataatgttcatatactccaatggtgacaaagaagatggaaggtttacagcacagctcaataaagccagccagtatgtttctctgctcatcagagactcccagcccagtgattcaGCGA,GCGActtacctctgt
TRAV12-3,gaggacctgaaaaacgtgttcccacccgaggtcgctgtgtttgagcCTTC,CTTCagaagcagagatctcccacacccaaaaggccacactggtgtgcctggccacaggcttctaccccgaccacgtggagctgagctggtgggtgaatgggaaggaggtgcacagtggggtcagcacagacccgcagcccctcaaggagcagcccgccctcaatgactccagatactgcctgagcagccgcctgagagtctcggccaccttctggcagaacccccgcaaccacttccgctgtcaagtccagttctacgggctctcggagaatgacgagtggacccaggatagggccaaacctgtcacccagatcgtcagcgccgaggcctggggtagagcagactgtggcttcacctccgagtcttaccagcaaggggtcctgtctgccaccatcctctatgagatcttgctagggaaggccaccttgtatgccgtgctggtcagtgccctcgtgctgatggccatggtcaagagaaaggattccagaggc,atgatgaaatccttgagagttttactggtgatcctgtggcttcagttaagctgggtttggagccaacagaaggaggtggagcaggatcctggaccactcagtgttccagagggagccattgtttctctcaactgcacttacagcaacagtgcttttcaatacttcatgtggtacagacagtattccagaaaaggccctgagttgctgatgtacacatactccagtggtaacaaagaagatggaaggtttacagcacaggtcgataaatccagcaagtatatctccttgttcatcagagactcacagcccagtgattcagcAACG,AACGtacctctgt
TRAV13-1,gagGACT,GACTtaaaaaacgtgttcccacccgaggtcgctgtgtttgagccatcagaagcagagatctcccacacccaaaaggccacactggtgtgcctggccacaggcttctaccccgaccacgtggagctgagctggtgggtgaatgggaaggaggtgcacagtggggtcagcacagacccgcagcccctcaaggagcagcccgccctcaatgactccagatactgcctgagcagccgcctgagagtctcggccaccttctggcagaacccccgcaaccacttccgctgtcaagtccagttctacgggctctcggagaatgacgagtggacccaggatagggccaaacctgtcacccagatcgtcagcgccgaggcctggggtagagcagactgtggcttcacctccgagtcttaccagcaaggggtcctgtctgccaccatcctctatgagatcttgctagggaaggccaccttgtatgccgtgctggtcagtgccctcgtgctgatggccatggtcaagagaaaggattccagaggc,atgacatccattcgagctgtatttatattcctgtggctgcagctggacttggtgaatggagagaatgtggagcagcatccttcaaccctgagtgtccaggagggagacagcgctgttatcaagtgtacttattcagacagtgcctcaaactacttcccttggtataagcaagaacttggaaaaggacctcagcttattatagacattcgttcaaatgtgggcgaaaagaaagaccaacgaattgctgttacattgaacaagacagccaaacatttctccctgcacatcacagagacacagcctgaggactCAGC,CAGCtgtctacttctgt
TRAV13-2,gaggacctgaaAAAT,AAATgtgttcccacccgaggtcgctgtgtttgagccatcagaagcagagatctcccacacccaaaaggccacactggtgtgcctggccacaggcttctaccccgaccacgtggagctgagctggtgggtgaatgggaaggaggtgcacagtggggtcagcacagacccgcagcccctcaaggagcagcccgccctcaatgactccagatactgcctgagcagccgcctgagagtctcggccaccttctggcagaacccccgcaaccacttccgctgtcaagtccagttctacgggctctcggagaatgacgagtggacccaggatagggccaaacctgtcacccagatcgtcagcgccgaggcctggggtagagcagactgtggcttcacctccgagtcttaccagcaaggggtcctgtctgccaccatcctctatgagatcttgctagggaaggccaccttgtatgccgtgctggtcagtgccctcgtgctgatggccatggtcaagagaaaggattccagaggc,atggcaggcattcgagctttatttatgtacttgtggctgcagctggactgggtgagcagaggagagagtgtggggctgcatcttcctaccctgagtgtccaggagggtgacaactctattatcaactgtgcttattcaaacagcgcctcagactacttcatttggtacaagcaagaatctggaaaaggtcctcaattcattatagacattcgttcaaatatggacaaaaggcaaggccaaagagtcaccgttttattgaataagacagtgaaacatctctctctgcaaattgcagctactcaacctggagactcagctgtctacTTTT,TTTTgt
TRAV14/DV4,gaggacctgaaaaacgtgttcccaccAGAG,AGAGgtcgctgtgtttgagccatcagaagcagagatctcccacacccaaaaggccacactggtgtgcctggccacaggcttctaccccgaccacgtggagctgagctggtgggtgaatgggaaggaggtgcacagtggggtcagcacagacccgcagcccctcaaggagcagcccgccctcaatgactccagatactgcctgagcagccgcctgagagtctcggccaccttctggcagaacccccgcaaccacttccgctgtcaagtccagttctacgggctctcggagaatgacgagtggacccaggatagggccaaacctgtcacccagatcgtcagcgccgaggcctggggtagagcagactgtggcttcacctccgagtcttaccagcaaggggtcctgtctgccaccatcctctatgagatcttgctagggaaggccaccttgtatgccgtgctggtcagtgccctcgtgctgatggccatggtcaagagaaaggattccagaggc,atgtcactttctagcctgctgaaggtggtcacagcttcactgtggctaggacctggcattgcccagaagataactcaaacccaaccaggaatgttcgtgcaggaaaaggaggctgtgactctggactgcacatatgacaccagtgatccaagttatggtctattctggtacaagcagcccagcagtggggaaatgatttttcttatttatcaggggtcttatgaccagcaaaatgcaacagaaggtcgctactcattgaatttccagaaggcaagaaaatccgccaaccttgtcatctccgcttcacaactggggGATT,GATTctgcaatgtacttctgt
TRAV16,gaggacctgaaaaacgtgttcccGCCC,GCCCgaggtcgctgtgtttgagccatcagaagcagagatctcccacacccaaaaggccacactggtgtgcctggccacaggcttctaccccgaccacgtggagctgagctggtgggtgaatgggaaggaggtgcacagtggggtcagcacagacccgcagcccctcaaggagcagcccgccctcaatgactccagatactgcctgagcagccgcctgagagtctcggccaccttctggcagaacccccgcaaccacttccgctgtcaagtccagttctacgggctctcggagaatgacgagtggacccaggatagggccaaacctgtcacccagatcgtcagcgccgaggcctggggtagagcagactgtggcttcacctccgagtcttaccagcaaggggtcctgtctgccaccatcctctatgagatcttgctagggaaggccaccttgtatgccgtgctggtcagtgccctcgtgctgatggccatggtcaagagaaaggattccagaggc,atgaagcccaccctcatctcagtgcttgtgataatatttatactcagaggaacaagagcccagagagtgactcagcccgagaagctcctctctgtctttaaaggggccccagtggagctgaagtgcaactattcctattctgggagtcctgaactcttctggtatgtccagtactccagacaacgcctccagttactcttgagacacatcagcagggagagcatcaaaggcttcactgctgaccttaacaaaggcgagacatctttccacctgaagaaaccatttgctcaagaggaggacagcgccatgtATTA,ATTAttgt
TRAV17,gagGATT,GATTtaaaaaacgtgttcccacccgaggtcgctgtgtttgagccatcagaagcagagatctcccacacccaaaaggccacactggtgtgcctggccacaggcttctaccccgaccacgtggagctgagctggtgggtgaatgggaaggaggtgcacagtggggtcagcacagacccgcagcccctcaaggagcagcccgccctcaatgactccagatactgcctgagcagccgcctgagagtctcggccaccttctggcagaacccccgcaaccacttccgctgtcaagtccagttctacgggctctcggagaatgacgagtggacccaggatagggccaaacctgtcacccagatcgtcagcgccgaggcctggggtagagcagactgtggcttcacctccgagtcttaccagcaaggggtcctgtctgccaccatcctctatgagatcttgctagggaaggccaccttgtatgccgtgctggtcagtgccctcgtgctgatggccatggtcaagagaaaggattccagaggc,atggaaactctcctgggagtgtctttggtgattctatggcttcaactggctagggtgaacagtcaacagggagaagaggatcctcaggccttgagcatccaggagggtgaaaatgccaccatgaactgcagttacaaaactagtataaacaatttacagtggtatagacaaaattcaggtagaggccttgtccacctaattttaatacgttcaaatgaaagagagaaacacagtggaagattaagagtcacgcttgacacttccaagaaaagcagttccttgttgatcacggcttcccgggcagcagacactgcGTCA,GTCAtacttctgt
TRAV18,gaggacctgaaaaacgtgttccCGCC,CGCCagaggtcgctgtgtttgagccatcagaagcagagatctcccacacccaaaaggccacactggtgtgcctggccacaggcttctaccccgaccacgtggagctgagctggtgggtgaatgggaaggaggtgcacagtggggtcagcacagacccgcagcccctcaaggagcagcccgccctcaatgactccagatactgcctgagcagccgcctgagagtctcggccaccttctggcagaacccccgcaaccacttccgctgtcaagtccagttctacgggctctcggagaatgacgagtggacccaggatagggccaaacctgtcacccagatcgtcagcgccgaggcctggggtagagcagactgtggcttcacctccgagtcttaccagcaaggggtcctgtctgccaccatcctctatgagatcttgctagggaaggccaccttgtatgccgtgctggtcagtgccctcgtgctgatggccatggtcaagagaaaggattccagaggc,atgctgtctgcttcctgctcaggacttgtgatcttgttgatattcagaaggaccagtggagactcggttacccagacagaaggcccagttaccctccctgagagggcagctctgacattaaactgcacttatcagtccagctattcaacttttctattctggtatgtccagtatctaaacaaagagcctgagctcctcctgaaaagttcagaaaaccaggagacagacagcagaggttttcaggccagtcctatcaagagtgacagttccttccacctggagaagccctcggtgcagctgtcggacaGTGC,GTGCtgtgtactactgc
TRAV19,gaggacTTGA,TTGAaaaacgtgttcccacccgaggtcgctgtgtttgagccatcagaagcagagatctcccacacccaaaaggccacactggtgtgcctggccacaggcttctaccccgaccacgtggagctgagctggtgggtgaatgggaaggaggtgcacagtggggtcagcacagacccgcagcccctcaaggagcagcccgccctcaatgactccagatactgcctgagcagccgcctgagagtctcggccaccttctggcagaacccccgcaaccacttccgctgtcaagtccagttctacgggctctcggagaatgacgagtggacccaggatagggccaaacctgtcacccagatcgtcagcgccgaggcctggggtagagcagactgtggcttcacctccgagtcttaccagcaaggggtcctgtctgccaccatcctctatgagatcttgctagggaaggccaccttgtatgccgtgctggtcagtgccctcgtgctgatggccatggtcaagagaaaggattccagaggc,atgctgactgccagcctgttgagggcagtcatagcctccatctgtgttgtatccagcatggctcagaaggtaactcaagcgcagactgaaatttctgtggtggagaaggaggatgtgaccttggactgtgtgtatgaaacccgtgatactacttattacttattctggtacaagcaaccaccaagtggagaattggttttccttattcgtcggaactcttttgatgagcaaaatgaaataagtggtcggtattcttggaacttccagaaatccaccagttccttcaacttcaccatcacagcctcacaagtcgtggACTC,ACTCtgcagtatacttctgt
TRAV20,gaggacctgaaaaacgtgttcccacCAGA,CAGAagtcgctgtgtttgagccatcagaagcagagatctcccacacccaaaaggccacactggtgtgcctggccacaggcttctaccccgaccacgtggagctgagctggtgggtgaatgggaaggaggtgcacagtggggtcagcacagacccgcagcccctcaaggagcagcccgccctcaatgactccagatactgcctgagcagccgcctgagagtctcggccaccttctggcagaacccccgcaaccacttccgctgtcaagtccagttctacgggctctcggagaatgacgagtggacccaggatagggccaaacctgtcacccagatcgtcagcgccgaggcctggggtagagcagactgtggcttcacctccgagtcttaccagcaaggggtcctgtctgccaccatcctctatgagatcttgctagggaaggccaccttgtatgccgtgctggtcagtgccctcgtgctgatggccatggtcaagagaaaggattccagaggc,atggagaaaatgttggagtgtgcattcatagtcttgtggcttcagcttggctggttgagtggagaggaccaggtgacgcagagtcccgaggccctgagactccaggagggagagagtagcagtcttaactgcagttacacagtcagcggtttaagagggctgttctggtataggcaagatcctgggaaaggccctgagttcttgttcaccctgtattcagctggggaagaaaaggagaaagaaaggctaaaagccacattaacaaagaaggaaagctttctgcacatcacagcccctaaacctgaggactcTGCG,TGCGacttatctctgt
TRAV21,gaggacctgaaaaacgtgttcccGCCA,GCCAgaggtcgctgtgtttgagccatcagaagcagagatctcccacacccaaaaggccacactggtgtgcctggccacaggcttctaccccgaccacgtggagctgagctggtgggtgaatgggaaggaggtgcacagtggggtcagcacagacccgcagcccctcaaggagcagcccgccctcaatgactccagatactgcctgagcagccgcctgagagtctcggccaccttctggcagaacccccgcaaccacttccgctgtcaagtccagttctacgggctctcggagaatgacgagtggacccaggatagggccaaacctgtcacccagatcgtcagcgccgaggcctggggtagagcagactgtggcttcacctccgagtcttaccagcaaggggtcctgtctgccaccatcctctatgagatcttgctagggaaggccaccttgtatgccgtgctggtcagtgccctcgtgctgatggccatggtcaagagaaaggattccagaggc,atggagacattgttgggcctgcttatcctttggctgcagctgcaatgggtgagcagcaaacaggaggtgacgcagattcctgcagctctgagtgtcccagaaggagaaaacttggttctcaactgcagtttcactgatagcgctatttacaacctccagtggtttaggcaggaccctgggaaagggttgacgagcttgttgcttattcagtcaagtcagagagagcaaacaagtgggaggttgaatgcctcgctggataaatcatcaggacgtagtactttatacattgcagcttctcagcctggtgactcagccacCTAC,CTACctctgt
TRAV22,gaggacctgaaaaaTGTA,TGTAttcccacccgaggtcgctgtgtttgagccatcagaagcagagatctcccacacccaaaaggccacactggtgtgcctggccacaggcttctaccccgaccacgtggagctgagctggtgggtgaatgggaaggaggtgcacagtggggtcagcacagacccgcagcccctcaaggagcagcccgccctcaatgactccagatactgcctgagcagccgcctgagagtctcggccaccttctggcagaacccccgcaaccacttccgctgtcaagtccagttctacgggctctcggagaatgacgagtggacccaggatagggccaaacctgtcacccagatcgtcagcgccgaggcctggggtagagcagactgtggcttcacctccgagtcttaccagcaaggggtcctgtctgccaccatcctctatgagatcttgctagggaaggccaccttgtatgccgtgctggtcagtgccctcgtgctgatggccatggtcaagagaaaggattccagaggc,atgaagaggatattgggagctctgctggggctcttgagtgcccaggtttgctgtgtgagaggaatacaagtggagcagagtcctccagacctgattctccaggagggagccaattccacgctgcggtgcaatttttctgactctgtgaacaatttgcagtggtttcatcaaaacccttggggacagctcatcaacctgttttacattccctcagggacaaaacagaatggaagattaagcgccacgactgtcgctacggaacgctacagcttattgtacatttcctcttcccagaccacagactcTGGA,TGGAgtttatttctgt
TRAV23/DV6,gaggacctgaaaaacgtgttcccaCCAG,CCAGaagtcgctgtgtttgagccatcagaagcagagatctcccacacccaaaaggccacactggtgtgcctggccacaggcttctaccccgaccacgtggagctgagctggtgggtgaatgggaaggaggtgcacagtggggtcagcacagacccgcagcccctcaaggagcagcccgccctcaatgactccagatactgcctgagcagccgcctgagagtctcggccaccttctggcagaacccccgcaaccacttccgctgtcaagtccagttctacgggctctcggagaatgacgagtggacccaggatagggccaaacctgtcacccagatcgtcagcgccgaggcctggggtagagcagactgtggcttcacctccgagtcttaccagcaaggggtcctgtctgccaccatcctctatgagatcttgctagggaaggccaccttgtatgccgtgctggtcagtgccctcgtgctgatggccatggtcaagagaaaggattccagaggc,atggacaagatcttaggagcatcatttttagttctgtggcttcaactatgctgggtgagtggccaacagaaggagaaaagtgaccagcagcaggtgaaacaaagtcctcaatctttgatagtccagaaaggagggatttcaattataaactgtgcttatgagaacactgcgtttgactactttccatggtaccaacaattccctgggaaaggccctgcattattgatagccatacgtccagatgtgagtgaaaagaaagaaggaagattcacaatctccttcaataaaagtgccaagcagttctcattgcatatcatggattcccagcctggagacAGTG,AGTGctacctacttctgt
TRAV24,gaggacctgaaaaaCGTG,CGTGttcccacccgaggtcgctgtgtttgagccatcagaagcagagatctcccacacccaaaaggccacactggtgtgcctggccacaggcttctaccccgaccacgtggagctgagctggtgggtgaatgggaaggaggtgcacagtggggtcagcacagacccgcagcccctcaaggagcagcccgccctcaatgactccagatactgcctgagcagccgcctgagagtctcggccaccttctggcagaacccccgcaaccacttccgctgtcaagtccagttctacgggctctcggagaatgacgagtggacccaggatagggccaaacctgtcacccagatcgtcagcgccgaggcctggggtagagcagactgtggcttcacctccgagtcttaccagcaaggggtcctgtctgccaccatcctctatgagatcttgctagggaaggccaccttgtatgccgtgctggtcagtgccctcgtgctgatggccatggtcaagagaaaggattccagaggc,atggagaagaatcctttggcagccccattactaatcctctggtttcatcttgactgcgtgagcagcatactgaacgtggaacaaagtcctcagtcactgcatgttcaggagggagacagcaccaatttcacctgcagcttcccttccagcaatttttatgccttacactggtacagatgggaaactgcaaaaagccccgaggccttgtttgtaatgactttaaatggggatgaaaagaagaaaggacgaataagtgccactcttaataccaaggagggttacagctatttgtacatcaaaggatcccagcctgaggacagcgccacatacttATGT,ATGT
TRAV25,gaggATCT,ATCTaaaaaacgtgttcccacccgaggtcgctgtgtttgagccatcagaagcagagatctcccacacccaaaaggccacactggtgtgcctggccacaggcttctaccccgaccacgtggagctgagctggtgggtgaatgggaaggaggtgcacagtggggtcagcacagacccgcagcccctcaaggagcagcccgccctcaatgactccagatactgcctgagcagccgcctgagagtctcggccaccttctggcagaacccccgcaaccacttccgctgtcaagtccagttctacgggctctcggagaatgacgagtggacccaggatagggccaaacctgtcacccagatcgtcagcgccgaggcctggggtagagcagactgtggcttcacctccgagtcttaccagcaaggggtcctgtctgccaccatcctctatgagatcttgctagggaaggccaccttgtatgccgtgctggtcagtgccctcgtgctgatggccatggtcaagagaaaggattccagaggc,atgctactcatcacatcaatgttggtcttatggatgcaattgtcacaggtgaatggacaacaggtaatgcaaattcctcagtaccagcatgtacaagaaggagaggacttcaccacgtactgcaattcctcaactactttaagcaatatacagtggtataagcaaaggcctggtggacatcccgtttttttgatacagttagtgaagagtggagaagtgaagaagcagaaaagactgacatttcagtttggagaagcaaaaaagaacagctccctgcacatcacagccacccagactacagatgtaggaacTTAT,TTATttctgt
TRAV26-1,gaggacctgaaaaacgTTTT,TTTTcccacccgaggtcgctgtgtttgagccatcagaagcagagatctcccacacccaaaaggccacactggtgtgcctggccacaggcttctaccccgaccacgtggagctgagctggtgggtgaatgggaaggaggtgcacagtggggtcagcacagacccgcagcccctcaaggagcagcccgccctcaatgactccagatactgcctgagcagccgcctgagagtctcggccaccttctggcagaacccccgcaaccacttccgctgtcaagtccagttctacgggctctcggagaatgacgagtggacccaggatagggccaaacctgtcacccagatcgtcagcgccgaggcctggggtagagcagactgtggcttcacctccgagtcttaccagcaaggggtcctgtctgccaccatcctctatgagatcttgctagggaaggccaccttgtatgccgtgctggtcagtgccctcgtgctgatggccatggtcaagagaaaggattccagaggc,atgaggctggtggcaagagtaactgtgtttctgacctttggaactataattgatgctaagaccacccagcccccctccatggattgcgctgaagggagggcggcaaacctgccttgtaatcactctaccatcagtggaaatgagtatgtgtattggtatcgacagattcactcccaggggccacagtatatcattcatggtctaaaaaacaatgaaaccaatgaaatggcctctctgatcatcacagaggacaggaagtccagcaccttgatcctgccccacgctacgctgagagacaCAGC,CAGCtgtgtactattgc
TRAV26-2,gaggACTT,ACTTaaaaaacgtgttcccacccgaggtcgctgtgtttgagccatcagaagcagagatctcccacacccaaaaggccacactggtgtgcctggccacaggcttctaccccgaccacgtggagctgagctggtgggtgaatgggaaggaggtgcacagtggggtcagcacagacccgcagcccctcaaggagcagcccgccctcaatgactccagatactgcctgagcagccgcctgagagtctcggccaccttctggcagaacccccgcaaccacttccgctgtcaagtccagttctacgggctctcggagaatgacgagtggacccaggatagggccaaacctgtcacccagatcgtcagcgccgaggcctggggtagagcagactgtggcttcacctccgagtcttaccagcaaggggtcctgtctgccaccatcctctatgagatcttgctagggaaggccaccttgtatgccgtgctggtcagtgccctcgtgctgatggccatggtcaagagaaaggattccagaggc,atgaagttggtgacaagcattactgtactcctatctttgggtattatgggtgatgctaagaccacacagccaaattcaatggagagtaacgaagaggagccggttcacttgccttgtaaccactccacaatcagtggaactgattacatacattggtatcgacagcttccctcccagggtccagagtacgtgattcatggtcttacaagcaatgtgaacaacagaatggcctctctggcaatcgctgaggacaggaagtccagtaccttgatcctgcaccgtgctaccttgagagatgctgcTGTT,TGTTtactactgc
TRAV27,gaggacctgaaaaacgtgttcccACCG,ACCGgaggtcgctgtgtttgagccatcagaagcagagatctcccacacccaaaaggccacactggtgtgcctggccacaggcttctaccccgaccacgtggagctgagctggtgggtgaatgggaaggaggtgcacagtggggtcagcacagacccgcagcccctcaaggagcagcccgccctcaatgactccagatactgcctgagcagccgcctgagagtctcggccaccttctggcagaacccccgcaaccacttccgctgtcaagtccagttctacgggctctcggagaatgacgagtggacccaggatagggccaaacctgtcacccagatcgtcagcgccgaggcctggggtagagcagactgtggcttcacctccgagtcttaccagcaaggggtcctgtctgccaccatcctctatgagatcttgctagggaaggccaccttgtatgccgtgctggtcagtgccctcgtgctgatggccatggtcaagagaaaggattccagaggc,atggtcctgaaattctccgtgtccattctttggattcagttggcatgggtgagcacccagctgctggagcagagccctcagtttctaagcatccaagagggagaaaatctcactgtgtactgcaactcctcaagtgttttttccagcttacaatggtacagacaggagcctggggaaggtcctgtcctcctggtgacagtagttacgggtggagaagtgaagaagctgaagagactaacctttcagtttggtgatgcaagaaaggacagttctctccacatcactgcagcccagcctggtgatacaggcctctacCTTT,CTTTgt
TRAV29/DV5,gaggacctgaaaaacgtgttcccaccGGAA,GGAAgtcgctgtgtttgagccatcagaagcagagatctcccacacccaaaaggccacactggtgtgcctggccacaggcttctaccccgaccacgtggagctgagctggtgggtgaatgggaaggaggtgcacagtggggtcagcacagacccgcagcccctcaaggagcagcccgccctcaatgactccagatactgcctgagcagccgcctgagagtctcggccaccttctggcagaacccccgcaaccacttccgctgtcaagtccagttctacgggctctcggagaatgacgagtggacccaggatagggccaaacctgtcacccagatcgtcagcgccgaggcctggggtagagcagactgtggcttcacctccgagtcttaccagcaaggggtcctgtctgccaccatcctctatgagatcttgctagggaaggccaccttgtatgccgtgctggtcagtgccctcgtgctgatggccatggtcaagagaaaggattccagaggc,atggccatgctcctgggggcatcagtgctgattctgtggcttcagccagactgggtaaacagtcaacagaagaatgatgaccagcaagttaagcaaaattcaccatccctgagcgtccaggaaggaagaatttctattctgaactgtgactatactaacagcatgtttgattatttcctatggtacaaaaaataccctgctgaaggtcctacattcttgataagcataagttccattaaggataaaaatgaagatggaagattcactgtgttcttgaacaaaagtgccaagcacctctctctgcacattgtgccctcccagcctggagactctgcGGTC,GGTCtacttctgt
TRAV30,gaggaCCTC,CCTCaaaaacgtgttcccacccgaggtcgctgtgtttgagccatcagaagcagagatctcccacacccaaaaggccacactggtgtgcctggccacaggcttctaccccgaccacgtggagctgagctggtgggtgaatgggaaggaggtgcacagtggggtcagcacagacccgcagcccctcaaggagcagcccgccctcaatgactccagatactgcctgagcagccgcctgagagtctcggccaccttctggcagaacccccgcaaccacttccgctgtcaagtccagttctacgggctctcggagaatgacgagtggacccaggatagggccaaacctgtcacccagatcgtcagcgccgaggcctggggtagagcagactgtggcttcacctccgagtcttaccagcaaggggtcctgtctgccaccatcctctatgagatcttgctagggaaggccaccttgtatgccgtgctggtcagtgccctcgtgctgatggccatggtcaagagaaaggattccagaggc,atggagactctcctgaaagtgctttcaggcaccttgttgtggcagttgacctgggtgagaagccaacaaccagtgcagagtcctcaagccgtgatcctccgagaaggggaagatgctgtcatcaactgcagttcctccaaggctttatattctgtacactggtacaggcagaagcatggtgaagcacccgtgttcttgatgatattactgaagggtggagaacagaagggtcatgaaaaaatatctgcttcatttaatgaaaaaaagcagcaaagctccctgtaccttacggcctcccagctcagttactcaggaACCT,ACCTatttctgc
TRAV34,gaggacCTCA,CTCAaaaacgtgttcccacccgaggtcgctgtgtttgagccatcagaagcagagatctcccacacccaaaaggccacactggtgtgcctggccacaggcttctaccccgaccacgtggagctgagctggtgggtgaatgggaaggaggtgcacagtggggtcagcacagacccgcagcccctcaaggagcagcccgccctcaatgactccagatactgcctgagcagccgcctgagagtctcggccaccttctggcagaacccccgcaaccacttccgctgtcaagtccagttctacgggctctcggagaatgacgagtggacccaggatagggccaaacctgtcacccagatcgtcagcgccgaggcctggggtagagcagactgtggcttcacctccgagtcttaccagcaaggggtcctgtctgccaccatcctctatgagatcttgctagggaaggccaccttgtatgccgtgctggtcagtgccctcgtgctgatggccatggtcaagagaaaggattccagaggc,atggagactgttctgcaagtactcctagggatattggggttccaagcagcctgggtcagtagccaagaactggagcagagtcctcagtccttgatcgtccaagagggaaagaatctcaccataaactgcacgtcatcaaagacgttatatggcttatactggtataagcaaaagtatggtgaaggtcttatcttcttgatgatgctacagaaaggtggggaagagaaaagtcatgaaaagataactgccaagttggatgagaaaaagcagcaaagttccctgcatatcacagcctcccagcccagccatgcaggcatctaccTTTG,TTTGt
TRAV35,gaggaTTTA,TTTAaaaaacgtgttcccacccgaggtcgctgtgtttgagccatcagaagcagagatctcccacacccaaaaggccacactggtgtgcctggccacaggcttctaccccgaccacgtggagctgagctggtgggtgaatgggaaggaggtgcacagtggggtcagcacagacccgcagcccctcaaggagcagcccgccctcaatgactccagatactgcctgagcagccgcctgagagtctcggccaccttctggcagaacccccgcaaccacttccgctgtcaagtccagttctacgggctctcggagaatgacgagtggacccaggatagggccaaacctgtcacccagatcgtcagcgccgaggcctggggtagagcagactgtggcttcacctccgagtcttaccagcaaggggtcctgtctgccaccatcctctatgagatcttgctagggaaggccaccttgtatgccgtgctggtcagtgccctcgtgctgatggccatggtcaagagaaaggattccagaggc,atgctccttgaacatttattaataatcttgtggatgcagctgacatgggtcagtggtcaacagctgaatcagagtcctcaatctatgtttatccaggaaggagaagatgtctccatgaactgcacttcttcaagcatatttaacacctggctatggtacaagcaggaacctggggaaggtcctgtcctcttgatagccttatataaggctggtgaattgacctcaaatgggaggttgactgctcagtttggtataaccagaaaggacagcttcctgaatatctcagcatccatacctagtgatgTTGG,TTGGtatctacttctgt
TRAV36/DV7,gaggacctgaaGAAC,GAACgtgttcccacccgaggtcgctgtgtttgagccatcagaagcagagatctcccacacccaaaaggccacactggtgtgcctggccacaggcttctaccccgaccacgtggagctgagctggtgggtgaatgggaaggaggtgcacagtggggtcagcacagacccgcagcccctcaaggagcagcccgccctcaatgactccagatactgcctgagcagccgcctgagagtctcggccaccttctggcagaacccccgcaaccacttccgctgtcaagtccagttctacgggctctcggagaatgacgagtggacccaggatagggccaaacctgtcacccagatcgtcagcgccgaggcctggggtagagcagactgtggcttcacctccgagtcttaccagcaaggggtcctgtctgccaccatcctctatgagatcttgctagggaaggccaccttgtatgccgtgctggtcagtgccctcgtgctgatggccatggtcaagagaaaggattccagaggc,atgatgaagtgtccacaggctttactagctatcttttggcttctactgagctgggtgagcagtgaggacaaggtggtacaaagccctctatctctggttgtccacgagggagacaccgtaactctcaattgcagttatgaagtgactaactttcgaagcctactatggtacaagcaggaaaagaaagctcccacatttctatttatgctaacttcaagtggaattgaaaagaagtcagggaggttgagtagcatattagataagaaagaactttccagcatcctgaacatcacagccacccagaccggagactcggccatctaTCTT,TCTTtgt
TRAV38-1,gaggacctgaaaaacgtgttcccaccCGAA,CGAAgtcgctgtgtttgagccatcagaagcagagatctcccacacccaaaaggccacactggtgtgcctggccacaggcttctaccccgaccacgtggagctgagctggtgggtgaatgggaaggaggtgcacagtggggtcagcacagacccgcagcccctcaaggagcagcccgccctcaatgactccagatactgcctgagcagccgcctgagagtctcggccaccttctggcagaacccccgcaaccacttccgctgtcaagtccagttctacgggctctcggagaatgacgagtggacccaggatagggccaaacctgtcacccagatcgtcagcgccgaggcctggggtagagcagactgtggcttcacctccgagtcttaccagcaaggggtcctgtctgccaccatcctctatgagatcttgctagggaaggccaccttgtatgccgtgctggtcagtgccctcgtgctgatggccatggtcaagagaaaggattccagaggc,atgacacgagttagcttgctgtgggcagtcgtggtgagcacctgtcttgaatccggcatggcccagacagtcactcagtctcaaccagagatgtctgtgcaggaggcagagactgtgaccctgagttgcacatatgacaccagtgagaataattattatttgttctggtacaagcagcctcccagcaggcagatgattctcgttattcgccaagaagcttataagcaacagaatgcaacggagaatcgtttctctgtgaacttccagaaagcagccaaatccttcagtctcaagatctcagactcacagctgggggacACGG,ACGGctatgtatttctgt
TRAV38-2/DV8,gaggacctgaaaAATG,AATGtattcccacccgaggtcgctgtgtttgagccatcagaagcagagatctcccacacccaaaaggccacactggtgtgcctggccacaggcttctaccccgaccacgtggagctgagctggtgggtgaatgggaaggaggtgcacagtggggtcagcacagacccgcagcccctcaaggagcagcccgccctcaatgactccagatactgcctgagcagccgcctgagagtctcggccaccttctggcagaacccccgcaaccacttccgctgtcaagtccagttctacgggctctcggagaatgacgagtggacccaggatagggccaaacctgtcacccagatcgtcagcgccgaggcctggggtagagcagactgtggcttcacctccgagtcttaccagcaaggggtcctgtctgccaccatcctctatgagatcttgctagggaaggccaccttgtatgccgtgctggtcagtgccctcgtgctgatggccatggtcaagagaaaggattccagaggc,atggcatgccctggcttcctgtgggcacttgtgatctccacctgtcttgaatttagcatggctcagacagtcactcagtctcaaccagagatgtctgtgcaggaggcagagacagtgaccctgagctgcacatatgacaccagtgagagtgattattatttattctggtacaagcagcctcccagcaggcagatgattctcgttattcgccaagaagcttataagcaacagaatgcaacagagaatcgtttctctgtgaacttccagaaagcagccaaatccttcagtctcaagatctcagactcacagctgggggatgccGCGA,GCGAtgtatttctgt
TRAV39,gaggacctgaaaaacgtgtTCCC,TCCCacccgaggtcgctgtgtttgagccatcagaagcagagatctcccacacccaaaaggccacactggtgtgcctggccacaggcttctaccccgaccacgtggagctgagctggtgggtgaatgggaaggaggtgcacagtggggtcagcacagacccgcagcccctcaaggagcagcccgccctcaatgactccagatactgcctgagcagccgcctgagagtctcggccaccttctggcagaacccccgcaaccacttccgctgtcaagtccagttctacgggctctcggagaatgacgagtggacccaggatagggccaaacctgtcacccagatcgtcagcgccgaggcctggggtagagcagactgtggcttcacctccgagtcttaccagcaaggggtcctgtctgccaccatcctctatgagatcttgctagggaaggccaccttgtatgccgtgctggtcagtgccctcgtgctgatggccatggtcaagagaaaggattccagaggc,atgaagaagctactagcaatgattctgtggcttcaactagaccggttaagtggagagctgaaagtggaacaaaaccctctgttcctgagcatgcaggagggaaaaaactataccatctactgcaattattcaaccacttcagacagactgtattggtacaggcaggatcctgggaaaagtctggaatctctgtttgtgttgctatcaaatggagcagtgaagcaggagggacgattaatggcctcacttgataccaaagccaggttgagcaccctccacatcacagctgccgtgcatgacttATCC,ATCCgccacctacttctgt
TRAV40,gaggacctgaaaaacGTAT,GTATtcccacccgaggtcgctgtgtttgagccatcagaagcagagatctcccacacccaaaaggccacactggtgtgcctggccacaggcttctaccccgaccacgtggagctgagctggtgggtgaatgggaaggaggtgcacagtggggtcagcacagacccgcagcccctcaaggagcagcccgccctcaatgactccagatactgcctgagcagccgcctgagagtctcggccaccttctggcagaacccccgcaaccacttccgctgtcaagtccagttctacgggctctcggagaatgacgagtggacccaggatagggccaaacctgtcacccagatcgtcagcgccgaggcctggggtagagcagactgtggcttcacctccgagtcttaccagcaaggggtcctgtctgccaccatcctctatgagatcttgctagggaaggccaccttgtatgccgtgctggtcagtgccctcgtgctgatggccatggtcaagagaaaggattccagaggc,atgaactcctctctggactttctaattctgatcttaatgtttggaggaaccagcagcaattcagtcaagcagacgggccaaataacggtgagcgagggagcatctgtgactatgaactgcacatacacatccacggggtaccctacccttttctggtatgtggaataccccagcaaacctctgcagcttcttcagagagagacaatggaaaacagcaaaaacttcggaggcggaaatattaaagacaaaaactcccccattgtgaaatattcagtccaggtatcaGATA,GATAgtgccgtgtactactgt
TRAV41,gaggacctgaaaaacgtgttcccacCCGA,CCGAagtcgctgtgtttgagccatcagaagcagagatctcccacacccaaaaggccacactggtgtgcctggccacaggcttctaccccgaccacgtggagctgagctggtgggtgaatgggaaggaggtgcacagtggggtcagcacagacccgcagcccctcaaggagcagcccgccctcaatgactccagatactgcctgagcagccgcctgagagtctcggccaccttctggcagaacccccgcaaccacttccgctgtcaagtccagttctacgggctctcggagaatgacgagtggacccaggatagggccaaacctgtcacccagatcgtcagcgccgaggcctggggtagagcagactgtggcttcacctccgagtcttaccagcaaggggtcctgtctgccaccatcctctatgagatcttgctagggaaggccaccttgtatgccgtgctggtcagtgccctcgtgctgatggccatggtcaagagaaaggattccagaggc,atggtgaagatccggcaatttttgttggctattttgtggcttcagctaagctgtgtaagtgccgccaaaaatgaagtggagcagagtcctcagaacctgactgcccaggaaggagaatttatcacaatcaactgcagttactcggtaggaataagtgccttacactggctgcaacagcatccaggaggaggcattgtttccttgtttatgctgagctcagggaagaagaagcatggaagattaattgccacaataaacatacaggaaaagcacagctccctgcacatcacagcctcccatcccagagaTTCT,TTCTgccgtctacatctgt