N,TRBV_name,TRBV,TRAC,set
0,TRBV2,CTCC,GAAT,A
1,TRBV3-1,ATTT,CAGT,A
2,TRBV4-1,TTGC,AGTA,A
3,TRBV4-2,GAGG,TGCC,A
4,TRBV4-3,TGTA,CAAA,A
5,TRBV5-1,TTCT,CCCT,A
6,TRBV5-4,GCCC,AAAA,A
7,TRBV5-5,TCTG,CGTC,A
8,TRBV5-6,TTTA,GTGT,A
9,TRBV5-8,AAGA,TTCA,A
10,TRBV6-1,CTGT,TGTG,A
11,TRBV6-2,CCCA,TCAA,A
12,TRBV6-3,ATCA,ACCA,A
13,TRBV6-4,ACCT,AGCG,A
14,TRBV6-5,GTCG,CTAC,A
15,TRBV6-6,ATAC,AGAT,A
16,TRBV6-8,CAAG,CCGC,A
17,TRBV6-9,TCAC,CGGA,A
18,TRBV7-2,TAGT,TCCC,A
19,TRBV7-3,GATT,TCTA,A
20,TRBV7-4,CGTT,TTAT,A
21,TRBV7-6,TACC,GGAC,A
22,TRBV7-7,TCGT,CCAG,A
23,TRBV7-8,AGCC,TATC,A
24,TRBV7-9,TGCT,CAGT,B
25,TRBV9,GTTA,TCCC,B
26,TRBV10-1,GAGC,GGTG,B
27,TRBV10-2,CATC,GTGT,B
28,TRBV10-3,ACAA,GGAT,B
29,TRBV11-1,CTTT,TTAC,B
30,TRBV11-2,GACT,CGTA,B
31,TRBV11-3,ACTT,GAAC,B
32,TRBV12-3,GGAC,CCCG,B
33,TRBV12-4,TTAT,AATC,B
34,TRBV12-5,CTCA,CCGC,B
35,TRBV13,CCTA,CAAA,B
36,TRBV14,TGGA,AGAA,B
37,TRBV15,CCAG,AAAT,B
38,TRBV16,CGGC,TCTA,B
39,TRBV18,AGAT,AGCG,B
40,TRBV19,CCCC,TTCA,B
41,TRBV20-1,TATT,CTGA,B
42,TRBV24-1,AACC,TTTA,B
43,TRBV25-1,TCTG,CGAC,B
44,TRBV27,TCGC,CTAT,B
45,TRBV28,TGTA,ACCA,B
46,TRBV29-1,CAAT,CCAA,B
47,TRBV30,TTTC,TGTC,B