trbv,trbv_left_frag,trbv_right_frag,trac_left_frag,trac_right_frag
TRBV2,atggatacctggctcgtatgctgggcaatttttagtctcttgaaagcaggactcacagaacctgaagtcacccagactcccagccatcaggtcacacagatgggacaggaagtgatcttgcgctgtgtccccatctctaatcacttatacttctattggtacagacaaatcttggggcagaaagtcgagtttctggtttccttttataataatgaaatctcagagaagtctgaaatattcgatgatcaattctcagttgaaaggcctgatggatcaaatttcactctgaagatccggtccacaaagctggaggaCTCC,CTCCgccatgtacttctgt,atccaGAAT,GAATcctgaccctgccgtgtaccag
TRBV3-1,atgggctgcaggctcctctgctgtgtggtgttctgcctcctccaagcaggtcccttggacacagctgtttcccagactccaaaatacctggtcacacagatgggaaacgacaagtccattaaatgtgaacaaaatctgggccatgatactatgtattggtataaacaggactctaagaaatttctgaagataatgtttagctacaataataaggagctcattataaatgaaacagttccaaatcgcttctcacctaaatctccagacaaagctcacttaaatcttcacatcaattccctggagcttggtgactctgctgtgtATTT,ATTTttgt,atccagaaccctgaccctgCAGT,CAGTataccag
TRBV4-1,atgggctgcaggctgctctgctgtgcggttctctgtctcctgggagcagttcccatagacactgaagttacccagacaccaaaacacctggtcatgggaatgacaaataagaagtctttgaaatgtgaacaacatatggggcacagggctatgtattggtacaagcagaaagctaagaagccaccggagctcatgtttgtctacagctatgagaaactctctataaatgaaagtgtgccaagtcgcttctcacctgaatgccccaacagctctctcttaaaccttcacctacacgccctgcagccagaggacagcgccctgtatctTTGC,TTGC,atccagaaccctgaccctgcAGTA,AGTAtaccag
TRBV4-2,atgggctgcaggctgctctgctgtgcggttctctgtctcctgggagcggtccccatggaaacgggagttacgcagacaccaagacacctggtcatgggaatgacaaataagaagtctttgaaatgtgaacaacatctggggcataacgctatgtattggtacaagcaaagtgctaagaagccactggagctcatgtttgtctacaactttaaagaacagactgaaaacaacagtgtgccaagtcgcttctcacctgaatgccccaacagctctcacttattccttcacctacacaccctgcagccaGAGG,GAGGatagcgccctgtatctctgt,atccagaaccctgacccTGCC,TGCCgtgtaccag
TRBV4-3,atgggctgcaggctgctctgctgtgcggttctctgtctcctgggagcgggtgagttggtccccatggaaacgggagttacgcagacaccaagacacctggtcatgggaatgacaaataagaagtctttgaaatgtgaacaacatctgggtcataacgctatgtattggtacaagcaaagtgctaagaagccactggagctcatgtttgtctacagtcttgaagaacgggttgaaaacaacagtgtgccaagtcgcttctcacctgaatgccccaacagctctcacttattccttcacctacacaccctgcagccagaggacagcgcctTGTA,TGTAtctctgc,atcCAAA,CAAAaccctgaccctgccgtgtaccag
TRBV5-1,atgggctccaggctgctctgttgggtgctgctttgtctcctgggagcaggcccagtaaaggctggagtcactcaaactccaaggtacttgatcaaaacgagaggacagcaagtgacactgagctgctcccctatctctgggcataggagtgtatcctggtaccaacagaccccaggacagggccttcagttcctctttgaatacttcagtgagacacagagaaacaaaggaaacttccctggtcgattctcagggcgccagttctctaactctcgctctgagatgaatgtgagcaccttggagctgggggaTTCT,TTCTgccctttatctttgc,atccagaaCCCT,CCCTgaccctgccgtgtaccag
TRBV5-4,atgggccctgggctcctctgctgggtgctgctttgtctcctgggagcaggctcagtggagactggagtcacccaaagtcccacacacctgatcaaaacgagaggacagcaagtgactctgagatgcagcagccagtctgggcacaacactgtgtcctggtaccaacaggccctgggtcaggggccccagtttatctttcagtattatagggaggaagagaatggcagaggaaacttccctcctagattctcagggttgcagttccctaattatagctctgagctgaatgtgaacgccttggagctggacgactcgGCCC,GCCCtttatctctgt,atccAAAA,AAAAccctgaccctgccgtgtaccag
TRBV5-5,atgggccctgggctcctctgctgggtgctgctttgtctcctgggagcaggcccagtggacgctggagtcacccaaagtcccacacacctgatcaaaacgagaggacagcaagtgactctgagatgctctcctatctctgggcacaagagtgtgtcctggtaccaacaggtcctgggtcaggggccccagtttatctttcagtattatgagaaagaagagagaggaagaggaaacttccctgatcgattctcagctcgccagttccctaactatagctctgagctgaatgtgaacgccttgttgctgggggactcggccctgtatcTCTG,TCTGt,atccagaaccctgaccctgcCGTC,CGTCtaccag
TRBV5-6,atgggccccgggctcctctgctgggcactgctttgtctcctgggagcaggcttagtggacgctggagtcacccaaagtcccacacacctgatcaaaacgagaggacagcaagtgactctgagatgctctcctaagtctgggcatgacactgtgtcctggtaccaacaggccctgggtcaggggccccagtttatctttcagtattatgaggaggaagagagacagagaggcaacttccctgatcgattctcaggtcaccagttccctaactatagctctgagctgaatgtgaacgccttgttgctgggggactcggccctctaTTTA,TTTAtgt,atccagaaccctgaccctgccGTGT,GTGTaccag
TRBV5-8,atgggacccaggctcctcttctgggcactgctttgtctcctcggaacaggcccagtggaggctggagtcacacaaagtcccacacacctgatcaaaacgagaggacagcaagcgactctgagatgctctcctatctctgggcacaccagtgtgtactggtaccaacaggccctgggtctgggcctccagttcctcctttggtatgacgagggtgaagagagaaacagaggaaacttccctcctagattttcaggtcgccagttccctaattatagctctgagctgaatgtgaacgccttggagctggAAGA,AAGAttcggccctgtatctctgt,aTTCA,TTCAaaaccctgaccctgccgtgtaccag
TRBV6-1,atgagcatcgggctcctgtgctgtgtggccttttctctcctgtgggcaagtccagtgaatgctggtgtcactcagaccccaaaattccaggtcttgaaaacgggacagagcatgacactgcagtgtgcccaggatatgaaccataactccatgtactggtatcgacaagacccaggcatgggactgaggctgatttattactcagcttctgagggtaccactgacaaaggagaagtccccaatggctacaatgtctccagattaaacaaacgggagttctcgctcaggctggagtcggctgctccctcccagacatctgtgtacttCTGT,CTGT,atccagaaccctgaccctgcTGTG,TGTGtaccag
TRBV6-2,atgagcctcgggctcctgtgctgtggggccttttctctcctgtgggcaggtccagtgaatgctggtgtcactcagaccccaaaattccgggtcttgaaaacgggacagagcatgacactgctgtgtgcccaggatatgaaccatgaatacatgtactggtatcgacaagacccaggcatggggctgaggctgattcattactcagttggtgagggtacaactgccaaaggagaggtccctgatggctacaatgtctccagattaaaaaaacagaatttcctgctggggttggagtcggctgctccctCCCA,CCCAgacatctgtgtacttctgt,atTCAA,TCAAaaccctgaccctgccgtgtaccag
TRBV6-3,atgagcctcgggctcctgtgctgtggggccttttctctcctgtgggcaggtccagtgaatgctggtgtcactcagaccccaaaattccgggtcttgaaaacgggacagagcatgacactgctgtgtgcccaggatatgaaccatgaatacatgtactggtatcgacaagacccaggcatggggctgaggctgattcattactcagttggtgagggtacaactgccaaaggagaggtccctgatggctacaatgtctccagattaaaaaaacagaatttcctgctggggttggagtcggctgctccctcccaaacATCA,ATCAgtgtacttctgt,atccagaaccctgaccctgccgtgtACCA,ACCAa
TRBV6-4,atgagaatcaggctcctgtgctgtgtggccttttctctcctgtgggcaggtccagtgattgctgggatcacccaggcaccaacatctcagatcctggcagcaggacggcgcatgacactgagatgtacccaggatatgagacataatgccatgtactggtatagacaagatctaggactggggctaaggctcatccattattcaaatactgcaggtaccactggcaaaggagaagtccctgatggttatagtgtctccagagcaaacacagatgatttccccctcacgttggcgtctgctgtaccctctcagACCT,ACCTctgtgtacttctgt,atccagaaccctgacccAGCG,AGCGgtgtaccag
TRBV6-5,atgagcatcggcctcctgtgctgtgcagccttgtctctcctgtgggcaggtccagtgaatgctggtgtcactcagaccccaaaattccaggtcttgaaaacgggacagagcatgacactgcagtgtgcccaggatatgaaccatgaatacatgtcctggtatcgacaagacccaggcatggggctgaggctgattcattactcagttggtgctggtatcactgaccaaggagaagtccccaatggctacaatgtctccagatcaaccacagaggatttcccgctcaggctgctgtcggctgctccctcccagacGTCG,GTCGgtgtacttctgt,atccagaaccctgaccctgccgtCTAC,CTACcag
TRBV6-6,atgagcatcagcctcctgtgctgtgcagcctttcctctcctgtgggcaggtccagtgaatgctggtgtcactcagaccccaaaattccgcatcctgaagataggacagagcatgacactgcagtgtacccaggatatgaaccataactacatgtactggtatcgacaagacccaggcatggggctgaagctgatttattattcagttggtgctggtatcactgataaaggagaagtcccgaatggctacaacgtgagcagatcaaccacagaggatttcccgctcaggctggagttggctgctccctcccagacatctgtATAC,ATACttctgt,atccagaacccAGAT,AGATcctgccgtgtaccag
TRBV6-8,atgagcctcgggctcctgtgctgtgcggccttttctctcctgtgggcaggtcccgtgaatgctggtgtcactcagaccccaaaattccacatcttgaaaacgggacagagcatgacactgcagtgtgcccaggatatgaaccatggatacatgtcctggtatcgacaagacccaggcatggggctgagactgatttactactcagctgctgctggtactactgacaaagaagtccccaatggctacaatgtcagcaggttgaacacagaggatttcccactcaggctggtgtcggctgctccctcccagaCAAG,CAAGtgtgtacttgtgt,atccagaaccctgaccCCGC,CCGCagtgtaccag
TRBV6-9,atgagcatcgggctcctgtgctgtgtggccttttctctcctgtgggagggtccagtgaatgctggtgtcactcagaccccaaaattccacatcttgaaaacgggacagagcatgacactgcagtgtgcccaggatatgaaccatggatacttgtcctggtatcgacaagacccaggcatggggctgaggcgcattcattactcagttgctgctggtatcactgacaaaggagaagtccccgatggctacaatgtatccagatcaaacacagaggatttcccgctcaggctggagtcagctgctcccTCAC,TCACagacatctgtatacttctgt,atccagaaccCGGA,CGGAccctgccgtgtaccag
TRBV7-2,atgggcaccaggctcctcttctgggtggccttctgtctcctgggggcagatcacacaggagctggagtctcccagtcccccagtaacaaggtcacagagaagggaaaggatgtagagctcaggtgtgatccaatttcaggtcatactgccctttactggtaccgacagagcctggggcagggcctggagtttttaatttacttccaaggcaacagtgcaccagacaaatcagggctgcccagtgatcgcttctctgcagagaggactgggggaagcgtgagcactctgacgatccagcgcacacagcaggaggaTAGT,TAGTgccgtgtatctctgt,atccagaaTCCC,TCCCgaccctgccgtgtaccag
TRBV7-3,atgggcaccaggctcctctgctgggcagccctgtgcctcctgggggcagatcacacaggtgctggagtctcccagacccccagtaacaaggtcacagagaagggaaaatatgtagagctcaggtgtgatccaatttcaggtcatactgccctttactggtaccgacaaagcctggggcagggcccagagtttctaatttacttccaaggcacgggtgcggcagatgactcagggctgcccaacgatcggttctttgcagtcaggcctgagggaagcgtgagcactctgaagatccagcgcacagagcgggggGATT,GATTctgccgtgtatctctgt,atccagaaccctgaccctgccgTCTA,TCTAccag
TRBV7-4,atgggcaccaggctcctctgctgggtggtcctgggtttcctagggacagatcacacaggtgctggagtctcccagtccccaaggtacaaagtcgcaaagaggggacgggatgtagctctcaggtgtgattcaatttcgggtcatgtaaccctttattggtaccgacagaccctggggcagggctcagaggttctgacttactcccagagtgatgctcaacgagacaaatcagggcggcccagtggtcggttctctgcagagaggcctgagagaagcgtgagcactctgaagatccagcgcacagagcagggggactcagcCGTT,CGTTtatctctgt,atccagaaccctgaccctgccgtTTAT,TTATcag
TRBV7-6,atgggcaccagtctcctatgctgggtggtcctgggtttcctagggacagatcacacaggtgctggagtctcccagtctcccaggtacaaagtcacaaagaggggacaggatgtagctctcaggtgtgatccaatttcgggtcatgtatccctttattggtaccgacaggccctggggcagggcccagagtttctgacttacttcaattatgaagcccaacaagacaaatcagggctgcccaatgatcggttctctgcagagaggcctgagggatccatctccactctgacgatccagcgcacagagcagcgggactcggccatgTACC,TACCgttgt,atccagaacccGGAC,GGACcctgccgtgtaccag
TRBV7-7,atgggtaccagtctcctatgctgggtggtcctgggtttcctagggacagatcacacaggtgctggagtctcccagtctcccaggtacaaagtcacaaagaggggacaggatgtaactctcaggtgtgatccaatttcgagtcatgcaaccctttattggtatcaacaggccctggggcagggcccagagtttctgacttacttcaattatgaagctcaaccagacaaatcagggctgcccagtgatcggttctctgcagagaggcctgagggatccatctccactctgacgattcagcgcacagagcagcgggactcagccatgtaTCGT,TCGTtgt,atCCAG,CCAGaaccctgaccctgccgtgtaccag
TRBV7-8,atgggcaccaggctcctctgctgggtggtcctgggtttcctagggacagatcacacaggtgctggagtctcccagtcccctaggtacaaagtcgcaaagagaggacaggatgtagctctcaggtgtgatccaatttcgggtcatgtatcccttttttggtaccaacaggccctggggcaggggccagagtttctgacttatttccagaatgaagctcaactagacaaatcggggctgcccagtgatcgcttctttgcagaaaggcctgagggaagcgtgagcactctgaagatccagcgcacacagcaggaggactcAGCC,AGCCgtgtatctctgt,atccagaaccctgaccctgccgtgTATC,TATCaa
TRBV7-9,atgggcaccagcctcctctgctggatggccctgtgtctcctgggggcagatcacgcagatactggagtctcccagaaccccagacacaagatcacaaagaggggacagaatgtaactttcaggtgtgatccaatttctgaacacaaccgcctttattggtaccgacagaccctggggcagggcccagagtttctgacttacttccagaatgaagctcaactagaaaaatcaaggctgctcagtgatcggttctctgcagagaggcctaagggatctttctccaccttggagatccagcgcacagagcagggggactcTGCT,TGCTatgtatctctgt,atccagaaccctgaccctgCAGT,CAGTataccag
TRBV9,atgggcttcaggctcctctgctgtgtggccttttgtctcctgggagcaggcccagtggattctggagtcacacaaaccccaaagcacctgatcacagcaactggacagcgagtgacgctgagatgctcccctaggtctggggacttgtctgtgtactggtaccaacagagcctggaccagggcctccagttcctcattcagtattataatggagaagagagagcaaaaggaaacattcttgaacgattctccgcacaacagttccctgacttgcactctgaactaaacctgagctctctggagctgggggactcagcGTTA,GTTAtatttctgt,atccagaaTCCC,TCCCgaccctgccgtgtaccag
TRBV10-1,atgggcacgaggttgttcttctatgtggccctttgtctgctgtgggcaggacacagggatgctgaaatcacccagagcccaagacacaagatcacagagacaggaaggcaggtgaccttggcgtgtcaccagacttggaaccacaacaatatgttctggtatcgacaagacctgggacatgggctgaggctgatccattactcatatggtgttcaagacactaacaaaggagaagtctcagatggctacagtgtcagcaggagcaacacagaggacctccccctcactctggagtctgctgcctcctcccagacGAGC,GAGCgtatatttctgc,atccagaaccctgaccctgcGGTG,GGTGtaccag
TRBV10-2,atgggcaccaggttgttcttctatgtggccctttgtctgctgtgggcaggacacagggatgctggaatcacccagagcccaagatacaagatcacagagacaggaaggcaggtgaccttgatgtgtcaccagacttggagccacagctatatgttctggtatcgacaagacctgggacatgggctgaggctgatctattactcagcagctgctgatattacagataaaggagaagtccccgatggctatgttgtctccagatccaagacagagaatttccccctcactctggagtcagctacccgctcccagaCATC,CATCtgtgtatttctgc,atccagaaccctgaccctgccGTGT,GTGTaccag
TRBV10-3,atgggcacaaggttgttcttctatgtggccctttgtctcctgtggacaggacacatggatgctggaatcacccagagcccaagacacaaggtcacagagacaggaacaccagtgactctgagatgtcaccagactgagaaccaccgctatatgtactggtatcgacaagacccggggcatgggctgaggctgatccattactcatatggtgttaaagatactgacaaaggagaagtctcagatggctatagtgtcagcaggagcaagacagaggatttcctcctcactctggagtccgctaccagctcccagACAA,ACAAgtgtgtacttctgt,atccagaacccGGAT,GGATcctgccgtgtaccag
TRBV11-1,atgagcaccaggcttctctgctggatggccctctgtctcctgggggcagaactctcagaagctgaagttgcccagtcccccagatataagattacagagaaaagccaggctgtggctttttggtgtgatcctatttctggccatgctaccctttactggtaccggcagatcctgggacagggcccggagcttctggttcaatttcaggatgagagtgtagtagatgattcacagttgcctaaggatcgattttctgcagagaggctcaaaggagtagactccactctcaagatccagcctgcagagcttggggactcggccatgtatCTTT,CTTTgt,atccagaaccctgaccctgccgtTTAC,TTACcag
TRBV11-2,atgggcaccaggctcctctgctgggcggccctctgtctcctgggagcagaactcacagaagctggagttgcccagtctcccagatataagattatagagaaaaggcagagtgtggctttttggtgcaatcctatatctggccatgctaccctttactggtaccagcagatcctgggacagggcccaaagcttctgattcagtttcagaataacggtgtagtggatgattcacagttgcctaaggatcgattttctgcagagaggctcaaaggagtagactccactctcaagatccagcctgcaaagcttgagGACT,GACTctgccgtgtatctctgt,atccagaaccctgaccctgcCGTA,CGTAtaccag
TRBV11-3,atgggtaccaggctcctctgctgggtggccttctgtctcctggtggaagaactcatagaagctggagtggttcagtctcccagatataagattatagagaaaaaacagcctgtggctttttggtgcaatcctatttctggccacaataccctttactggtacctgcagaacttgggacagggcccggagcttctgattcgatatgagaatgaggaagcagtagacgattcacagttgcctaaggatcgattttctgcagagaggctcaaaggagtagactccactctcaagatccagcctgcagagcttggggactcggccgtgtACTT,ACTTgtgt,atccaGAAC,GAACcctgaccctgccgtgtaccag
TRBV12-3,atggactcctggaccttctgctgtgtgtccctttgcatcctggtagcgaagcatacagatgctggagttatccagtcaccccgccatgaggtgacagagatgggacaagaagtgactctgagatgtaaaccaatttcaggccacaactcccttttctggtacagacagaccatgatgcggggactggagttgctcatttactttaacaacaacgttccgatagatgattcagggatgcccgaggatcgattctcagctaagatgcctaatgcatcattctccactctgaagatccagccctcagaaccccgGGAC,GGACtcagctgtgtacttctgt,atccagaaCCCG,CCCGgaccctgccgtgtaccag
TRBV12-4,atgggctcctggaccctctgctgtgtgtccctttgcatcctggtagcaaagcacacagatgctggagttatccagtcaccccggcacgaggtgacagagatgggacaagaagtgactctgagatgtaaaccaatttcaggacacgactaccttttctggtacagacagaccatgatgcggggactggagttgctcatttactttaacaacaacgttccgatagatgattcagggatgcccgaggatcgattctcagctaagatgcctaatgcatcattctccactctgaagatccagccctcagaacccagggactcagctgtTTAT,TTATttctgt,atccagAATC,AATCcagaccctgccgtgtaccag
TRBV12-5,atggccaccaggctcctctgctgtgtggttctttgtctcctgggagaggagttgatagatgctagagtcacccagacaccaaggcacaaggtgacagagatgggacaagaagtaacaatgagatgtcagccaattttaggccacaatactgttttctggtacagacagaccatgatgcaaggactggagttgctggcttacttccgcaaccgggctccgttggacgattcggggatgccgaaggatcgattctcagcagagatgcctgatgcaactttagccactctgaagatccagccctcagaacccagggaCTCA,CTCAgctgtgtatttttgt,atccagaaccctgaccCCGC,CCGCagtgtaccag
TRBV13,atgcttagtcctgacctgcctgactctgcctggaacaccaggctcctctgccatgtcatgctttgtctcctgggagcagtttcagtggctgctggagtcatccagtccccaagacatctgatcaaagaaaagagggaaacagccactctgaaatgctatcctatccctagacacgacactgtctactggtaccagcagggtccaggtcaggacccccagttcctcatttcgttttatgaaaagatgcagagcgataaaggaagcatccctgatcgattctcagctcaacagttcagtgactatcattctgaactgaacatgagctccttggagctgggggactcagcCCTA,CCTAtacttctgt,atcCAAA,CAAAaccctgaccctgccgtgtaccag
TRBV14,atggtttccaggcttctcagtttagtgtccctttgtctcctgggagcaaagcacatagaagctggagttactcagttccccagccacagcgtaatagagaagggccagactgtgactctgagatgtgacccaatttctggacatgataatctttattggtatcgacgtgttatgggaaaagaaataaaatttctgttacattttgtgaaagagtctaaacaggatgagtccggtatgcccaacaatcgattcttagctgaaaggactggagggacgtattctactctgaaggtgcagcctgcagaactggaggattcTGGA,TGGAgtttatttctgt,atccAGAA,AGAAccctgaccctgccgtgtaccag
TRBV15,atgggtcctgggcttctccactggatggccctttgtctccttggaacaggtcatggggatgccatggtcatccagaacccaagataccaggttacccagtttggaaagccagtgaccctgagttgttctcagactttgaaccataacgtcatgtactggtaccagcagaagtcaagtcaggccccaaagctgctgttccactactatgacaaagattttaacaatgaagcagacacccctgataacttccaatccaggaggccgaacacttctttctgctttcttgacatccgctcaCCAG,CCAGgtctgggggacacagccatgtacctgtgt,atccaAAAT,AAATcctgaccctgccgtgtaccag
TRBV16,atgagcccaatattcacctgcatcacaatcctttgtctgctggctgcaggttctcctggtgaagaagtcgcccagactccaaaacatcttgtcagaggggaaggacagaaagcaaaattatattgtgccccaataaaaggacacagttatgttttttggtaccaacaggtcctgaaaaacgagttcaagttcttgatttccttccagaatgaaaatgtctttgatgaaacaggtatgcccaaggaaagattttcagctaagtgcctcccaaattcaccctgtagccttgagatccaggctacgaagcttgaggattCGGC,CGGCtgtgtatttttgt,atccagaaccctgaccctgccgTCTA,TCTAccag
TRBV18,atggacaccagagtactctgctgtgcggtcatctgcttgttgggggcagggttgagcaatgccggcgtcatgcagaacccaagacacctggtcaggaggaggggacaggaggcaagactgagatgcagcccaatgaaaggacacagtcatgtttactggtatcggcagctcccagaggaaggtctgaaattcatggtttatctccagaaagaaaatatcatagatgagtcaggaatgccaaaggaacgattttctgctgaatttcccaaagagggccccagcatcctgaggatccagcaggtagtgcgaggAGAT,AGATtcggcagcttatttctgt,atccagaaccctgacccAGCG,AGCGgtgtaccag
TRBV19,atgagcaaccaggtgctctgctgtgtggtcctttgtttcctgggagcaaacaccgtggatggtggaatcactcagtccccaaagtacctgttcagaaaggaaggacagaatgtgaccctgagttgtgaacagaatttgaaccacgatgccatgtactggtaccgacaggacccagggcaagggctgagattgatctactactcacagatagtaaatgactttcagaaaggagatatagctgaagggtacagcgtgagccgggagaagaaggaatcctttcctctcactgtgacatcggcccaaaagaaCCCC,CCCCacagctttctatctctgt,aTTCA,TTCAaaaccctgaccctgccgtgtaccag
TRBV20-1,atgctgctgcttctgctgcttctggggccaggtataagcctccttctacctgggagcttggcaggctccgggcttggtgctgtggtgagccaacatccgagctgggttatctgtaagagtggaacctctgtgaagatcgagtgccgttccctggactttcaggccacaactatgttttggtatcgtcagttcccgaaacagagtctcatgctgatggcaacttccaatgagggctccaaggccacatacgagcaaggcgtcgagaaggacaagtttctcatcaaccatgcaagcctgaccttgtccactctgacagtgaccagtgcccatcctgaggacagcagcttctaTATT,TATTtgc,atccagaaccCTGA,CTGAccctgccgtgtaccag
TRBV24-1,atggcctccttgttgttcttctgtggggccttttatctcctgggaacagggtccatggatgctgatgttacccagaccccaaggaataggatcacaaagacaggaaagaggattatgctggaatgttctcagactaagggtcatgatagaatgtactggtatcgacaagacccaggactgggcctacggttgatctattactcctttgatgtcaaagatataaacaaaggagagatctctgatggatacagtgtctctcgacaggcacaggctaaattctccctgtccctagagtctgccatccccaaccaAACC,AACCgctctttacttctgt,atccagaaccctgaccctgccgTTTA,TTTAccag
TRBV25-1,atgactatcaggctcctctgctacatgggcttttattttctgggggcaggcctcatggaagctgacatctaccagaccccaagataccttgttatagggacaggaaagaagatcactctggaatgttctcaaaccatgggccatgacaaaatgtactggtatcaacaagatccaggaatggaactacacctcatccactattcctatggagttaattccacagagaagggagatctttcctctgagtcaacagtctccagaataaggacggagcattttcccctgaccctggagtctgccaggccctcacatacctctcagtaccTCTG,TCTGt,atccagaacccCGAC,CGACcctgccgtgtaccag
TRBV27,atgggcccccagctccttggctatgtggtcctttgccttctaggagcaggccccctggaagcccaagtgacccagaacccaagatacctcatcacagtgactggaaagaagttaacagtgacttgttctcagaatatgaaccatgagtatatgtcctggtatcgacaagacccagggctgggcttaaggcagatctactattcaatgaatgttgaggtgactgataagggagatgttcctgaagggtacaaagtctctcgaaaagagaagaggaatttccccctgatcctggagtcgcccagccccaaccagaccTCGC,TCGCtttacttctgt,atccagaaccctgaccctgccgtCTAT,CTATcag
TRBV28,atgggaatcaggctcctctgtcgtgtggccttttgtttcctggctgtaggcctcgtagatgtgaaagtaacccagagcagcaggtatctagtcaaaaggacgggagagaaagtttttctggaatgtgtccaggatatggaccatgaaaatatgttctggtatcgacaagacccaggtctggggctacggctgatctatttctcatatgatgttaaaatgaaagaaaaaggagatattcctgaggggtacagtgtcagcagggagaagaaggagcgcttctccctgattctggagtccgccagcaccaaccagacatctaTGTA,TGTAtctctgt,atccagaaccctgaccctgccgtgtACCA,ACCAa
TRBV29-1,atgctgagcttgttgctccttctcctgggactaggctctgtgttcagtgctgtcatctctcaaaagccaagcagggacatatgccaacgtggaacctccctgacgatccagtgtcaagtcgatagccaagtcaccatgatgttctggtaccgtcagcaacctggacagagcctgacactgatcgcaactgcaaatcagggctctgaggccacatatgagagtggatttgtcattgacaagtttcccatcagccgcccaaacctaacattctcaactctgactgtgagcaacatgagccctgaggacagctCAAT,CAATttatctctgc,atCCAA,CCAAaaccctgaccctgccgtgtaccag
TRBV30,atgctctgctctctccttgcccttctcctgggcactttctttggggtcagatctcagactattcatcaatggccagcgaccctggtgcagcctgtgggcagcccgctctctctggagtgcactgtggagggaacatcaaaccccaacctatactggtaccgacaggctgcaggcaggggcctccagttgttgttctactccgttggtattggccagatcagctctgaggtgccccagaatctctcagcctccagaccccaggaccggcagttcatcctgagttctaagaagctccttctcagtgactctggTTTC,TTTCtatctctgt,atccagaaccctgaccctgcTGTC,TGTCtaccag