TRBV,Sequence
TRBV2,atggatacctggctcgtatgctgggcaatttttagtctcttgaaagcaggactcacagaacctgaagtcacccagactcccagccatcaggtcacacagatgggacaggaagtgatcttgcgctgtgtccccatctctaatcacttatacttctattggtacagacaaatcttggggcagaaagtcgagtttctggtttccttttataataatgaaatctcagagaagtctgaaatattcgatgatcaattctcagttgaaaggcctgatggatcaaatttcactctgaagatccggtccacaaagctggaggaCTCCtaGTCTTCGTCAcGAGACGTAATgGAGACCatgcGATATCcgtaGGTCTCgAAACCGTCTCgGGGTGAAGACatGAATcctgaccctgccgtgtaccag
TRBV3-1,atgggctgcaggctcctctgctgtgtggtgttctgcctcctccaagcaggtcccttggacacagctgtttcccagactccaaaatacctggtcacacagatgggaaacgacaagtccattaaatgtgaacaaaatctgggccatgatactatgtattggtataaacaggactctaagaaatttctgaagataatgtttagctacaataataaggagctcattataaatgaaacagttccaaatcgcttctcacctaaatctccagacaaagctcacttaaatcttcacatcaattccctggagcttggtgactctgctgtgtATTTtaGTCTTCGTCAcGAGACGTAATgGAGACCatgcGATATCcgtaGGTCTCgAAACCGTCTCgGGGTGAAGACatCAGTataccag
TRBV4-1,atgggctgcaggctgctctgctgtgcggttctctgtctcctgggagcagttcccatagacactgaagttacccagacaccaaaacacctggtcatgggaatgacaaataagaagtctttgaaatgtgaacaacatatggggcacagggctatgtattggtacaagcagaaagctaagaagccaccggagctcatgtttgtctacagctatgagaaactctctataaatgaaagtgtgccaagtcgcttctcacctgaatgccccaacagctctctcttaaaccttcacctacacgccctgcagccagaggacagcgccctgtatctTTGCtaGTCTTCGTCAcGAGACGTAATgGAGACCatgcGATATCcgtaGGTCTCgAAACCGTCTCgGGGTGAAGACatAGTAtaccag
TRBV4-2,atgggctgcaggctgctctgctgtgcggttctctgtctcctgggagcggtccccatggaaacgggagttacgcagacaccaagacacctggtcatgggaatgacaaataagaagtctttgaaatgtgaacaacatctggggcataacgctatgtattggtacaagcaaagtgctaagaagccactggagctcatgtttgtctacaactttaaagaacagactgaaaacaacagtgtgccaagtcgcttctcacctgaatgccccaacagctctcacttattccttcacctacacaccctgcagccaGAGGtaGTCTTCGTCAcGAGACGTAATgGAGACCatgcGATATCcgtaGGTCTCgAAACCGTCTCgGGGTGAAGACatTGCCgtgtaccag
TRBV4-3,atgggctgcaggctgctctgctgtgcggttctctgtctcctgggagcgggtgagttggtccccatggaaacgggagttacgcagacaccaagacacctggtcatgggaatgacaaataagaagtctttgaaatgtgaacaacatctgggtcataacgctatgtattggtacaagcaaagtgctaagaagccactggagctcatgtttgtctacagtcttgaagaacgggttgaaaacaacagtgtgccaagtcgcttctcacctgaatgccccaacagctctcacttattccttcacctacacaccctgcagccagaggacagcgcctTGTAtaGTCTTCGTCAcGAGACGTAATgGAGACCatgcGATATCcgtaGGTCTCgAAACCGTCTCgGGGTGAAGACatCAAAaccctgaccctgccgtgtaccag
TRBV5-1,atgggctccaggctgctctgttgggtgctgctttgtctcctgggagcaggcccagtaaaggctggagtcactcaaactccaaggtacttgatcaaaacgagaggacagcaagtgacactgagctgctcccctatctctgggcataggagtgtatcctggtaccaacagaccccaggacagggccttcagttcctctttgaatacttcagtgagacacagagaaacaaaggaaacttccctggtcgattctcagggcgccagttctctaactctcgctctgagatgaatgtgagcaccttggagctgggggaTTCTtaGTCTTCGTCAcGAGACGTAATgGAGACCatgcGATATCcgtaGGTCTCgAAACCGTCTCgGGGTGAAGACatCCCTgaccctgccgtgtaccag
TRBV5-4,atgggccctgggctcctctgctgggtgctgctttgtctcctgggagcaggctcagtggagactggagtcacccaaagtcccacacacctgatcaaaacgagaggacagcaagtgactctgagatgcagcagccagtctgggcacaacactgtgtcctggtaccaacaggccctgggtcaggggccccagtttatctttcagtattatagggaggaagagaatggcagaggaaacttccctcctagattctcagggttgcagttccctaattatagctctgagctgaatgtgaacgccttggagctggacgactcgGCCCtaGTCTTCGTCAcGAGACGTAATgGAGACCatgcGATATCcgtaGGTCTCgAAACCGTCTCgGGGTGAAGACatAAAAccctgaccctgccgtgtaccag
TRBV5-5,atgggccctgggctcctctgctgggtgctgctttgtctcctgggagcaggcccagtggacgctggagtcacccaaagtcccacacacctgatcaaaacgagaggacagcaagtgactctgagatgctctcctatctctgggcacaagagtgtgtcctggtaccaacaggtcctgggtcaggggccccagtttatctttcagtattatgagaaagaagagagaggaagaggaaacttccctgatcgattctcagctcgccagttccctaactatagctctgagctgaatgtgaacgccttgttgctgggggactcggccctgtatcTCTGtaGTCTTCGTCAcGAGACGTAATgGAGACCatgcGATATCcgtaGGTCTCgAAACCGTCTCgGGGTGAAGACatCGTCtaccag
TRBV5-6,atgggccccgggctcctctgctgggcactgctttgtctcctgggagcaggcttagtggacgctggagtcacccaaagtcccacacacctgatcaaaacgagaggacagcaagtgactctgagatgctctcctaagtctgggcatgacactgtgtcctggtaccaacaggccctgggtcaggggccccagtttatctttcagtattatgaggaggaagagagacagagaggcaacttccctgatcgattctcaggtcaccagttccctaactatagctctgagctgaatgtgaacgccttgttgctgggggactcggccctctaTTTAtaGTCTTCGTCAcGAGACGTAATgGAGACCatgcGATATCcgtaGGTCTCgAAACCGTCTCgGGGTGAAGACatGTGTaccag
TRBV5-8,atgggacccaggctcctcttctgggcactgctttgtctcctcggaacaggcccagtggaggctggagtcacacaaagtcccacacacctgatcaaaacgagaggacagcaagcgactctgagatgctctcctatctctgggcacaccagtgtgtactggtaccaacaggccctgggtctgggcctccagttcctcctttggtatgacgagggtgaagagagaaacagaggaaacttccctcctagattttcaggtcgccagttccctaattatagctctgagctgaatgtgaacgccttggagctggAAGAtaGTCTTCGTCAcGAGACGTAATgGAGACCatgcGATATCcgtaGGTCTCgAAACCGTCTCgGGGTGAAGACatTTCAaaaccctgaccctgccgtgtaccag
TRBV6-1,atgagcatcgggctcctgtgctgtgtggccttttctctcctgtgggcaagtccagtgaatgctggtgtcactcagaccccaaaattccaggtcttgaaaacgggacagagcatgacactgcagtgtgcccaggatatgaaccataactccatgtactggtatcgacaagacccaggcatgggactgaggctgatttattactcagcttctgagggtaccactgacaaaggagaagtccccaatggctacaatgtctccagattaaacaaacgggagttctcgctcaggctggagtcggctgctccctcccagacatctgtgtacttCTGTtaGTCTTCGTCAcGAGACGTAATgGAGACCatgcGATATCcgtaGGTCTCgAAACCGTCTCgGGGTGAAGACatTGTGtaccag
TRBV6-2,atgagcctcgggctcctgtgctgtggggccttttctctcctgtgggcaggtccagtgaatgctggtgtcactcagaccccaaaattccgggtcttgaaaacgggacagagcatgacactgctgtgtgcccaggatatgaaccatgaatacatgtactggtatcgacaagacccaggcatggggctgaggctgattcattactcagttggtgagggtacaactgccaaaggagaggtccctgatggctacaatgtctccagattaaaaaaacagaatttcctgctggggttggagtcggctgctccctCCCAtaGTCTTCGTCAcGAGACGTAATgGAGACCatgcGATATCcgtaGGTCTCgAAACCGTCTCgGGGTGAAGACatTCAAaaccctgaccctgccgtgtaccag
TRBV6-3,atgagcctcgggctcctgtgctgtggggccttttctctcctgtgggcaggtccagtgaatgctggtgtcactcagaccccaaaattccgggtcttgaaaacgggacagagcatgacactgctgtgtgcccaggatatgaaccatgaatacatgtactggtatcgacaagacccaggcatggggctgaggctgattcattactcagttggtgagggtacaactgccaaaggagaggtccctgatggctacaatgtctccagattaaaaaaacagaatttcctgctggggttggagtcggctgctccctcccaaacATCAtaGTCTTCGTCAcGAGACGTAATgGAGACCatgcGATATCcgtaGGTCTCgAAACCGTCTCgGGGTGAAGACatACCAa
TRBV6-4,atgagaatcaggctcctgtgctgtgtggccttttctctcctgtgggcaggtccagtgattgctgggatcacccaggcaccaacatctcagatcctggcagcaggacggcgcatgacactgagatgtacccaggatatgagacataatgccatgtactggtatagacaagatctaggactggggctaaggctcatccattattcaaatactgcaggtaccactggcaaaggagaagtccctgatggttatagtgtctccagagcaaacacagatgatttccccctcacgttggcgtctgctgtaccctctcagACCTtaGTCTTCGTCAcGAGACGTAATgGAGACCatgcGATATCcgtaGGTCTCgAAACCGTCTCgGGGTGAAGACatAGCGgtgtaccag
TRBV6-5,atgagcatcggcctcctgtgctgtgcagccttgtctctcctgtgggcaggtccagtgaatgctggtgtcactcagaccccaaaattccaggtcttgaaaacgggacagagcatgacactgcagtgtgcccaggatatgaaccatgaatacatgtcctggtatcgacaagacccaggcatggggctgaggctgattcattactcagttggtgctggtatcactgaccaaggagaagtccccaatggctacaatgtctccagatcaaccacagaggatttcccgctcaggctgctgtcggctgctccctcccagacGTCGtaGTCTTCGTCAcGAGACGTAATgGAGACCatgcGATATCcgtaGGTCTCgAAACCGTCTCgGGGTGAAGACatCTACcag
TRBV6-6,atgagcatcagcctcctgtgctgtgcagcctttcctctcctgtgggcaggtccagtgaatgctggtgtcactcagaccccaaaattccgcatcctgaagataggacagagcatgacactgcagtgtacccaggatatgaaccataactacatgtactggtatcgacaagacccaggcatggggctgaagctgatttattattcagttggtgctggtatcactgataaaggagaagtcccgaatggctacaacgtgagcagatcaaccacagaggatttcccgctcaggctggagttggctgctccctcccagacatctgtATACtaGTCTTCGTCAcGAGACGTAATgGAGACCatgcGATATCcgtaGGTCTCgAAACCGTCTCgGGGTGAAGACatAGATcctgccgtgtaccag
TRBV6-8,atgagcctcgggctcctgtgctgtgcggccttttctctcctgtgggcaggtcccgtgaatgctggtgtcactcagaccccaaaattccacatcttgaaaacgggacagagcatgacactgcagtgtgcccaggatatgaaccatggatacatgtcctggtatcgacaagacccaggcatggggctgagactgatttactactcagctgctgctggtactactgacaaagaagtccccaatggctacaatgtcagcaggttgaacacagaggatttcccactcaggctggtgtcggctgctccctcccagaCAAGtaGTCTTCGTCAcGAGACGTAATgGAGACCatgcGATATCcgtaGGTCTCgAAACCGTCTCgGGGTGAAGACatCCGCagtgtaccag
TRBV6-9,atgagcatcgggctcctgtgctgtgtggccttttctctcctgtgggagggtccagtgaatgctggtgtcactcagaccccaaaattccacatcttgaaaacgggacagagcatgacactgcagtgtgcccaggatatgaaccatggatacttgtcctggtatcgacaagacccaggcatggggctgaggcgcattcattactcagttgctgctggtatcactgacaaaggagaagtccccgatggctacaatgtatccagatcaaacacagaggatttcccgctcaggctggagtcagctgctcccTCACtaGTCTTCGTCAcGAGACGTAATgGAGACCatgcGATATCcgtaGGTCTCgAAACCGTCTCgGGGTGAAGACatCGGAccctgccgtgtaccag
TRBV7-2,atgggcaccaggctcctcttctgggtggccttctgtctcctgggggcagatcacacaggagctggagtctcccagtcccccagtaacaaggtcacagagaagggaaaggatgtagagctcaggtgtgatccaatttcaggtcatactgccctttactggtaccgacagagcctggggcagggcctggagtttttaatttacttccaaggcaacagtgcaccagacaaatcagggctgcccagtgatcgcttctctgcagagaggactgggggaagcgtgagcactctgacgatccagcgcacacagcaggaggaTAGTtaGTCTTCGTCAcGAGACGTAATgGAGACCatgcGATATCcgtaGGTCTCgAAACCGTCTCgGGGTGAAGACatTCCCgaccctgccgtgtaccag
TRBV7-3,atgggcaccaggctcctctgctgggcagccctgtgcctcctgggggcagatcacacaggtgctggagtctcccagacccccagtaacaaggtcacagagaagggaaaatatgtagagctcaggtgtgatccaatttcaggtcatactgccctttactggtaccgacaaagcctggggcagggcccagagtttctaatttacttccaaggcacgggtgcggcagatgactcagggctgcccaacgatcggttctttgcagtcaggcctgagggaagcgtgagcactctgaagatccagcgcacagagcgggggGATTtaGTCTTCGTCAcGAGACGTAATgGAGACCatgcGATATCcgtaGGTCTCgAAACCGTCTCgGGGTGAAGACatTCTAccag
TRBV7-4,atgggcaccaggctcctctgctgggtggtcctgggtttcctagggacagatcacacaggtgctggagtctcccagtccccaaggtacaaagtcgcaaagaggggacgggatgtagctctcaggtgtgattcaatttcgggtcatgtaaccctttattggtaccgacagaccctggggcagggctcagaggttctgacttactcccagagtgatgctcaacgagacaaatcagggcggcccagtggtcggttctctgcagagaggcctgagagaagcgtgagcactctgaagatccagcgcacagagcagggggactcagcCGTTtaGTCTTCGTCAcGAGACGTAATgGAGACCatgcGATATCcgtaGGTCTCgAAACCGTCTCgGGGTGAAGACatTTATcag
TRBV7-6,atgggcaccagtctcctatgctgggtggtcctgggtttcctagggacagatcacacaggtgctggagtctcccagtctcccaggtacaaagtcacaaagaggggacaggatgtagctctcaggtgtgatccaatttcgggtcatgtatccctttattggtaccgacaggccctggggcagggcccagagtttctgacttacttcaattatgaagcccaacaagacaaatcagggctgcccaatgatcggttctctgcagagaggcctgagggatccatctccactctgacgatccagcgcacagagcagcgggactcggccatgTACCtaGTCTTCGTCAcGAGACGTAATgGAGACCatgcGATATCcgtaGGTCTCgAAACCGTCTCgGGGTGAAGACatGGACcctgccgtgtaccag
TRBV7-7,atgggtaccagtctcctatgctgggtggtcctgggtttcctagggacagatcacacaggtgctggagtctcccagtctcccaggtacaaagtcacaaagaggggacaggatgtaactctcaggtgtgatccaatttcgagtcatgcaaccctttattggtatcaacaggccctggggcagggcccagagtttctgacttacttcaattatgaagctcaaccagacaaatcagggctgcccagtgatcggttctctgcagagaggcctgagggatccatctccactctgacgattcagcgcacagagcagcgggactcagccatgtaTCGTtaGTCTTCGTCAcGAGACGTAATgGAGACCatgcGATATCcgtaGGTCTCgAAACCGTCTCgGGGTGAAGACatCCAGaaccctgaccctgccgtgtaccag
TRBV7-8,atgggcaccaggctcctctgctgggtggtcctgggtttcctagggacagatcacacaggtgctggagtctcccagtcccctaggtacaaagtcgcaaagagaggacaggatgtagctctcaggtgtgatccaatttcgggtcatgtatcccttttttggtaccaacaggccctggggcaggggccagagtttctgacttatttccagaatgaagctcaactagacaaatcggggctgcccagtgatcgcttctttgcagaaaggcctgagggaagcgtgagcactctgaagatccagcgcacacagcaggaggactcAGCCtaGTCTTCGTCAcGAGACGTAATgGAGACCatgcGATATCcgtaGGTCTCgAAACCGTCTCgGGGTGAAGACatTATCaa
TRBV7-9,atgggcaccagcctcctctgctggatggccctgtgtctcctgggggcagatcacgcagatactggagtctcccagaaccccagacacaagatcacaaagaggggacagaatgtaactttcaggtgtgatccaatttctgaacacaaccgcctttattggtaccgacagaccctggggcagggcccagagtttctgacttacttccagaatgaagctcaactagaaaaatcaaggctgctcagtgatcggttctctgcagagaggcctaagggatctttctccaccttggagatccagcgcacagagcagggggactcTGCTtaGTCTTCGTCAcGAGACGTAATgGAGACCatgcGATATCcgtaGGTCTCgAAACCGTCTCgGGGTGAAGACatCAGTataccag
TRBV9,atgggcttcaggctcctctgctgtgtggccttttgtctcctgggagcaggcccagtggattctggagtcacacaaaccccaaagcacctgatcacagcaactggacagcgagtgacgctgagatgctcccctaggtctggggacttgtctgtgtactggtaccaacagagcctggaccagggcctccagttcctcattcagtattataatggagaagagagagcaaaaggaaacattcttgaacgattctccgcacaacagttccctgacttgcactctgaactaaacctgagctctctggagctgggggactcagcGTTAtaGTCTTCGTCAcGAGACGTAATgGAGACCatgcGATATCcgtaGGTCTCgAAACCGTCTCgGGGTGAAGACatTCCCgaccctgccgtgtaccag
TRBV10-1,atgggcacgaggttgttcttctatgtggccctttgtctgctgtgggcaggacacagggatgctgaaatcacccagagcccaagacacaagatcacagagacaggaaggcaggtgaccttggcgtgtcaccagacttggaaccacaacaatatgttctggtatcgacaagacctgggacatgggctgaggctgatccattactcatatggtgttcaagacactaacaaaggagaagtctcagatggctacagtgtcagcaggagcaacacagaggacctccccctcactctggagtctgctgcctcctcccagacGAGCtaGTCTTCGTCAcGAGACGTAATgGAGACCatgcGATATCcgtaGGTCTCgAAACCGTCTCgGGGTGAAGACatGGTGtaccag
TRBV10-2,atgggcaccaggttgttcttctatgtggccctttgtctgctgtgggcaggacacagggatgctggaatcacccagagcccaagatacaagatcacagagacaggaaggcaggtgaccttgatgtgtcaccagacttggagccacagctatatgttctggtatcgacaagacctgggacatgggctgaggctgatctattactcagcagctgctgatattacagataaaggagaagtccccgatggctatgttgtctccagatccaagacagagaatttccccctcactctggagtcagctacccgctcccagaCATCtaGTCTTCGTCAcGAGACGTAATgGAGACCatgcGATATCcgtaGGTCTCgAAACCGTCTCgGGGTGAAGACatGTGTaccag
TRBV10-3,atgggcacaaggttgttcttctatgtggccctttgtctcctgtggacaggacacatggatgctggaatcacccagagcccaagacacaaggtcacagagacaggaacaccagtgactctgagatgtcaccagactgagaaccaccgctatatgtactggtatcgacaagacccggggcatgggctgaggctgatccattactcatatggtgttaaagatactgacaaaggagaagtctcagatggctatagtgtcagcaggagcaagacagaggatttcctcctcactctggagtccgctaccagctcccagACAAtaGTCTTCGTCAcGAGACGTAATgGAGACCatgcGATATCcgtaGGTCTCgAAACCGTCTCgGGGTGAAGACatGGATcctgccgtgtaccag
TRBV11-1,atgagcaccaggcttctctgctggatggccctctgtctcctgggggcagaactctcagaagctgaagttgcccagtcccccagatataagattacagagaaaagccaggctgtggctttttggtgtgatcctatttctggccatgctaccctttactggtaccggcagatcctgggacagggcccggagcttctggttcaatttcaggatgagagtgtagtagatgattcacagttgcctaaggatcgattttctgcagagaggctcaaaggagtagactccactctcaagatccagcctgcagagcttggggactcggccatgtatCTTTtaGTCTTCGTCAcGAGACGTAATgGAGACCatgcGATATCcgtaGGTCTCgAAACCGTCTCgGGGTGAAGACatTTACcag
TRBV11-2,atgggcaccaggctcctctgctgggcggccctctgtctcctgggagcagaactcacagaagctggagttgcccagtctcccagatataagattatagagaaaaggcagagtgtggctttttggtgcaatcctatatctggccatgctaccctttactggtaccagcagatcctgggacagggcccaaagcttctgattcagtttcagaataacggtgtagtggatgattcacagttgcctaaggatcgattttctgcagagaggctcaaaggagtagactccactctcaagatccagcctgcaaagcttgagGACTtaGTCTTCGTCAcGAGACGTAATgGAGACCatgcGATATCcgtaGGTCTCgAAACCGTCTCgGGGTGAAGACatCGTAtaccag
TRBV11-3,atgggtaccaggctcctctgctgggtggccttctgtctcctggtggaagaactcatagaagctggagtggttcagtctcccagatataagattatagagaaaaaacagcctgtggctttttggtgcaatcctatttctggccacaataccctttactggtacctgcagaacttgggacagggcccggagcttctgattcgatatgagaatgaggaagcagtagacgattcacagttgcctaaggatcgattttctgcagagaggctcaaaggagtagactccactctcaagatccagcctgcagagcttggggactcggccgtgtACTTtaGTCTTCGTCAcGAGACGTAATgGAGACCatgcGATATCcgtaGGTCTCgAAACCGTCTCgGGGTGAAGACatGAACcctgaccctgccgtgtaccag
TRBV12-3,atggactcctggaccttctgctgtgtgtccctttgcatcctggtagcgaagcatacagatgctggagttatccagtcaccccgccatgaggtgacagagatgggacaagaagtgactctgagatgtaaaccaatttcaggccacaactcccttttctggtacagacagaccatgatgcggggactggagttgctcatttactttaacaacaacgttccgatagatgattcagggatgcccgaggatcgattctcagctaagatgcctaatgcatcattctccactctgaagatccagccctcagaaccccgGGACtaGTCTTCGTCAcGAGACGTAATgGAGACCatgcGATATCcgtaGGTCTCgAAACCGTCTCgGGGTGAAGACatCCCGgaccctgccgtgtaccag
TRBV12-4,atgggctcctggaccctctgctgtgtgtccctttgcatcctggtagcaaagcacacagatgctggagttatccagtcaccccggcacgaggtgacagagatgggacaagaagtgactctgagatgtaaaccaatttcaggacacgactaccttttctggtacagacagaccatgatgcggggactggagttgctcatttactttaacaacaacgttccgatagatgattcagggatgcccgaggatcgattctcagctaagatgcctaatgcatcattctccactctgaagatccagccctcagaacccagggactcagctgtTTATtaGTCTTCGTCAcGAGACGTAATgGAGACCatgcGATATCcgtaGGTCTCgAAACCGTCTCgGGGTGAAGACatAATCcagaccctgccgtgtaccag
TRBV12-5,atggccaccaggctcctctgctgtgtggttctttgtctcctgggagaggagttgatagatgctagagtcacccagacaccaaggcacaaggtgacagagatgggacaagaagtaacaatgagatgtcagccaattttaggccacaatactgttttctggtacagacagaccatgatgcaaggactggagttgctggcttacttccgcaaccgggctccgttggacgattcggggatgccgaaggatcgattctcagcagagatgcctgatgcaactttagccactctgaagatccagccctcagaacccagggaCTCAtaGTCTTCGTCAcGAGACGTAATgGAGACCatgcGATATCcgtaGGTCTCgAAACCGTCTCgGGGTGAAGACatCCGCagtgtaccag
TRBV13,atgcttagtcctgacctgcctgactctgcctggaacaccaggctcctctgccatgtcatgctttgtctcctgggagcagtttcagtggctgctggagtcatccagtccccaagacatctgatcaaagaaaagagggaaacagccactctgaaatgctatcctatccctagacacgacactgtctactggtaccagcagggtccaggtcaggacccccagttcctcatttcgttttatgaaaagatgcagagcgataaaggaagcatccctgatcgattctcagctcaacagttcagtgactatcattctgaactgaacatgagctccttggagctgggggactcagcCCTAtaGTCTTCGTCAcGAGACGTAATgGAGACCatgcGATATCcgtaGGTCTCgAAACCGTCTCgGGGTGAAGACatCAAAaccctgaccctgccgtgtaccag
TRBV14,atggtttccaggcttctcagtttagtgtccctttgtctcctgggagcaaagcacatagaagctggagttactcagttccccagccacagcgtaatagagaagggccagactgtgactctgagatgtgacccaatttctggacatgataatctttattggtatcgacgtgttatgggaaaagaaataaaatttctgttacattttgtgaaagagtctaaacaggatgagtccggtatgcccaacaatcgattcttagctgaaaggactggagggacgtattctactctgaaggtgcagcctgcagaactggaggattcTGGAtaGTCTTCGTCAcGAGACGTAATgGAGACCatgcGATATCcgtaGGTCTCgAAACCGTCTCgGGGTGAAGACatAGAAccctgaccctgccgtgtaccag
TRBV15,atgggtcctgggcttctccactggatggccctttgtctccttggaacaggtcatggggatgccatggtcatccagaacccaagataccaggttacccagtttggaaagccagtgaccctgagttgttctcagactttgaaccataacgtcatgtactggtaccagcagaagtcaagtcaggccccaaagctgctgttccactactatgacaaagattttaacaatgaagcagacacccctgataacttccaatccaggaggccgaacacttctttctgctttcttgacatccgctcaCCAGtaGTCTTCGTCAcGAGACGTAATgGAGACCatgcGATATCcgtaGGTCTCgAAACCGTCTCgGGGTGAAGACatAAATcctgaccctgccgtgtaccag
TRBV16,atgagcccaatattcacctgcatcacaatcctttgtctgctggctgcaggttctcctggtgaagaagtcgcccagactccaaaacatcttgtcagaggggaaggacagaaagcaaaattatattgtgccccaataaaaggacacagttatgttttttggtaccaacaggtcctgaaaaacgagttcaagttcttgatttccttccagaatgaaaatgtctttgatgaaacaggtatgcccaaggaaagattttcagctaagtgcctcccaaattcaccctgtagccttgagatccaggctacgaagcttgaggattCGGCtaGTCTTCGTCAcGAGACGTAATgGAGACCatgcGATATCcgtaGGTCTCgAAACCGTCTCgGGGTGAAGACatTCTAccag
TRBV18,atggacaccagagtactctgctgtgcggtcatctgcttgttgggggcagggttgagcaatgccggcgtcatgcagaacccaagacacctggtcaggaggaggggacaggaggcaagactgagatgcagcccaatgaaaggacacagtcatgtttactggtatcggcagctcccagaggaaggtctgaaattcatggtttatctccagaaagaaaatatcatagatgagtcaggaatgccaaaggaacgattttctgctgaatttcccaaagagggccccagcatcctgaggatccagcaggtagtgcgaggAGATtaGTCTTCGTCAcGAGACGTAATgGAGACCatgcGATATCcgtaGGTCTCgAAACCGTCTCgGGGTGAAGACatAGCGgtgtaccag
TRBV19,atgagcaaccaggtgctctgctgtgtggtcctttgtttcctgggagcaaacaccgtggatggtggaatcactcagtccccaaagtacctgttcagaaaggaaggacagaatgtgaccctgagttgtgaacagaatttgaaccacgatgccatgtactggtaccgacaggacccagggcaagggctgagattgatctactactcacagatagtaaatgactttcagaaaggagatatagctgaagggtacagcgtgagccgggagaagaaggaatcctttcctctcactgtgacatcggcccaaaagaaCCCCtaGTCTTCGTCAcGAGACGTAATgGAGACCatgcGATATCcgtaGGTCTCgAAACCGTCTCgGGGTGAAGACatTTCAaaaccctgaccctgccgtgtaccag
TRBV20-1,atgctgctgcttctgctgcttctggggccaggtataagcctccttctacctgggagcttggcaggctccgggcttggtgctgtggtgagccaacatccgagctgggttatctgtaagagtggaacctctgtgaagatcgagtgccgttccctggactttcaggccacaactatgttttggtatcgtcagttcccgaaacagagtctcatgctgatggcaacttccaatgagggctccaaggccacatacgagcaaggcgtcgagaaggacaagtttctcatcaaccatgcaagcctgaccttgtccactctgacagtgaccagtgcccatcctgaggacagcagcttctaTATTtaGTCTTCGTCAcGAGACGTAATgGAGACCatgcGATATCcgtaGGTCTCgAAACCGTCTCgGGGTGAAGACatCTGAccctgccgtgtaccag
TRBV24-1,atggcctccttgttgttcttctgtggggccttttatctcctgggaacagggtccatggatgctgatgttacccagaccccaaggaataggatcacaaagacaggaaagaggattatgctggaatgttctcagactaagggtcatgatagaatgtactggtatcgacaagacccaggactgggcctacggttgatctattactcctttgatgtcaaagatataaacaaaggagagatctctgatggatacagtgtctctcgacaggcacaggctaaattctccctgtccctagagtctgccatccccaaccaAACCtaGTCTTCGTCAcGAGACGTAATgGAGACCatgcGATATCcgtaGGTCTCgAAACCGTCTCgGGGTGAAGACatTTTAccag
TRBV25-1,atgactatcaggctcctctgctacatgggcttttattttctgggggcaggcctcatggaagctgacatctaccagaccccaagataccttgttatagggacaggaaagaagatcactctggaatgttctcaaaccatgggccatgacaaaatgtactggtatcaacaagatccaggaatggaactacacctcatccactattcctatggagttaattccacagagaagggagatctttcctctgagtcaacagtctccagaataaggacggagcattttcccctgaccctggagtctgccaggccctcacatacctctcagtaccTCTGtaGTCTTCGTCAcGAGACGTAATgGAGACCatgcGATATCcgtaGGTCTCgAAACCGTCTCgGGGTGAAGACatCGACcctgccgtgtaccag
TRBV27,atgggcccccagctccttggctatgtggtcctttgccttctaggagcaggccccctggaagcccaagtgacccagaacccaagatacctcatcacagtgactggaaagaagttaacagtgacttgttctcagaatatgaaccatgagtatatgtcctggtatcgacaagacccagggctgggcttaaggcagatctactattcaatgaatgttgaggtgactgataagggagatgttcctgaagggtacaaagtctctcgaaaagagaagaggaatttccccctgatcctggagtcgcccagccccaaccagaccTCGCtaGTCTTCGTCAcGAGACGTAATgGAGACCatgcGATATCcgtaGGTCTCgAAACCGTCTCgGGGTGAAGACatCTATcag
TRBV28,atgggaatcaggctcctctgtcgtgtggccttttgtttcctggctgtaggcctcgtagatgtgaaagtaacccagagcagcaggtatctagtcaaaaggacgggagagaaagtttttctggaatgtgtccaggatatggaccatgaaaatatgttctggtatcgacaagacccaggtctggggctacggctgatctatttctcatatgatgttaaaatgaaagaaaaaggagatattcctgaggggtacagtgtcagcagggagaagaaggagcgcttctccctgattctggagtccgccagcaccaaccagacatctaTGTAtaGTCTTCGTCAcGAGACGTAATgGAGACCatgcGATATCcgtaGGTCTCgAAACCGTCTCgGGGTGAAGACatACCAa
TRBV29-1,atgctgagcttgttgctccttctcctgggactaggctctgtgttcagtgctgtcatctctcaaaagccaagcagggacatatgccaacgtggaacctccctgacgatccagtgtcaagtcgatagccaagtcaccatgatgttctggtaccgtcagcaacctggacagagcctgacactgatcgcaactgcaaatcagggctctgaggccacatatgagagtggatttgtcattgacaagtttcccatcagccgcccaaacctaacattctcaactctgactgtgagcaacatgagccctgaggacagctCAATtaGTCTTCGTCAcGAGACGTAATgGAGACCatgcGATATCcgtaGGTCTCgAAACCGTCTCgGGGTGAAGACatCCAAaaccctgaccctgccgtgtaccag
TRBV30,atgctctgctctctccttgcccttctcctgggcactttctttggggtcagatctcagactattcatcaatggccagcgaccctggtgcagcctgtgggcagcccgctctctctggagtgcactgtggagggaacatcaaaccccaacctatactggtaccgacaggctgcaggcaggggcctccagttgttgttctactccgttggtattggccagatcagctctgaggtgccccagaatctctcagcctccagaccccaggaccggcagttcatcctgagttctaagaagctccttctcagtgactctggTTTCtaGTCTTCGTCAcGAGACGTAATgGAGACCatgcGATATCcgtaGGTCTCgAAACCGTCTCgGGGTGAAGACatTGTCtaccag
